id_tamu,nama_tamu,tanggal_check_in,tanggal_check_out,jenis_kamar,harga,kota,nomor_telepon
1,Bapak Edi,1 Juli 2022,2 Juli 2022,Standart,150000,Purwokerto,-
2,Ibu Murtiyah,2 Juli 2022,3 Juli 2022,Standart,150000,Kalimantan Timur,-
3,Bapak Leonardus,3 Juli 2022,4 Juli 2022,AC ,200000,Tangerang,-
4,Bapak Leonardus,3 Juli 2022,4 Juli 2022,Standart,150000,Tangerang,-
5,Ibu Mawar,4 Juli 2022,5 Juli 2022,Standart,150000,Tangerang,-
6,Ibu Juliana Manurung,5 Juli 2022,6 Juli 2022,AC ,200000,Jakarta Timur,-
7,Bapak FX. Ferry,5 Juli 2022,6 Juli 2022,Standart,150000,Kalimantan Timur,-
8,Ibu Radi,6 Juli 2022,7 Juli 2022,AC ,200000,Tegal,-
9,Ibu Radi,6 Juli 2022,7 Juli 2022,Standart,150000,Tegal,-
10,Ibu Yose,7 Juli 2022,8 Juli 2022,Standart,150000,Palembang,-
11,Bapak Soni,8 Juli 2022,9 Juli 2022,AC ,200000,Jakarta,-
12,Ibu Linda,8 Juli 2022,10 Juli 2022,AC ,200000,Jakarta Timur,-
13,Bapak Pur,9 Juli 2022,10 Juli 2022,AC ,200000,Jakarta Barat,-
14,Bapak Pur,9 Juli 2022,10 Juli 2022,Standart,150000,Jakarta Barat,-
15,Ibu Dian,9 Juli 2022,10 Juli 2022,Standart,150000,Sidoarjo,-
16,Ibu Ari,9 Juli 2022,10 Juli 2022,Standart,150000,Semarang,-
17,Ibu Suyati,9 Juli 2022,10 Juli 2022,Standart,150000,Semarang,-
18,Bapak Heri,16 Juli 2022,17 juli 2022,AC ,200000,Ambarawa,-
19,Bapak Heri ,16 Juli 2022,17 juli 2022,Standart,150000,Ambarawa,-
20,Bapak Tomi,24 Juli 2022,26 Juli 2022,AC ,200000,Jakarta Selatan,-
21,Ibu Nonik Dwi,24 Juli 2022,26 Juli 2022,Standart,150000,Bantul,-
22,Bapak Riyanto,28 Juli 2022,29 Juli 2022,Standart,150000,Jakarta,-
23,Bapak Soni,29 Juli 2022,30 Juli 2022,Standart,150000,Jakarta,-
24,Bapak Wijaya,01 August 2022,03 August 2022,Standar,150000,Jakarta,-
25,Bapak Budi,02 August 2022,04 August 2022,AC,200000,Surabaya,-
26,Bapak Gunawan,03 August 2022,05 August 2022,Standar,150000,Bandung,-
27,Bapak Dian ,04 August 2022,06 August 2022,AC,200000,Medan,-
28,Bapak Eko Purnomo,05 August 2022,07 August 2022,Standar,150000,Semarang,-
29,Ibu Sari,06 August 2022,08 August 2022,AC,200000,Makassar,-
30,Ibu Gita Permata,07 August 2022,09 August 2022,Standar,150000,Yogyakarta,-
31,Bapak Hendra Kusuma,08 August 2022,10 August 2022,AC,200000,Tangerang,-
32,Ibu Intan,09 August 2022,11 August 2022,Standar,150000,Tangerang,-
33,Bapak Joko ,10 August 2022,12 August 2022,AC,200000,Palembang,-
34,Ibu Karina Putri,11 August 2022,13 August 2022,Standar,150000,Manado,-
35,Ibu Lala ,12 August 2022,14 August 2022,AC,200000,Pekanbaru,-
36,Bapak Kasiman,13 August 2022,15 August 2022,Standar,150000,Kalimantan Timur,-
37,Ibu Anggraeni,14 August 2022,16 August 2022,AC,200000,Salatiga,-
38,Bapak Oki Setiawan,15 August 2022,17 August 2022,Standar,150000,Jepara,-
39,Ibu Putri Ayu,16 August 2022,18 August 2022,AC,200000,Surabaya,-
40,Bapak Fauzan,17 August 2022,19 August 2022,Standar,150000,Semarang,-
41,Ibu Sri Yuliana,18 August 2022,20 August 2022,AC,200000,Bandung,-
42,Bapak Almakios,19 August 2022,21 August 2022,Standar,150000, Papua,-
43,Ibu Santi,20 August 2022,22 August 2022,AC,200000,Malang,-
44,Dwi Puspita,27 February 2023,27 February 2023,AC,200000,Jember,+62 (009) 398 3521
45,Bakijan Iswahyudi,09 October 2023,09 October 2023,AC,200000,Yogyakarta,(013) 219-8192
46,Raihan Nashiruddin,09 June 2023,13 June 2023,AC,200000,Depok,-
47,Karsana Saefullah,18 February 2023,20 February 2023,Standart,150000,Jakarta,(024) 316 2104
48,Paiman Manullang,07 April 2024,10 April 2024,AC,200000,Tangerang,+62 (009) 493 6258
49,Mutia Laksita,06 January 2024,07 January 2024,Standart,150000,Bandung,-2617
50,Maya Nuraini,17 February 2024,23 February 2024,Standart,150000,Depok,+62 (074) 898-0221
51,Wakiman Firgantoro,15 January 2023,20 January 2023,Standart,150000,Jember,(0769) 771 7118
52,Cindy Kurniawan,25 August 2023,31 August 2023,Standart,150000,Banyuwangi,(083) 480-6347
53,Puji Novitasari,09 December 2023,13 December 2023,AC,200000,Bekasi,-
54,Saadat Setiawan,22 June 2023,28 June 2023,Standart,150000,Banyuwangi,-6982
55,Estiono Prastuti,19 May 2024,19 May 2024,AC,200000,Jember,(0818) 627 5088
56,Lanang Wijaya,11 March 2024,11 March 2024,Standart,150000,Madiun,(0726) 102 7603
57,Malika Riyanti,17 August 2023,21 August 2023,AC,200000,Blitar,-1655
58,Anom Damanik,01 February 2023,01 February 2023,Standart,150000,Malang,+62 (027) 884 7160
59,Gasti Wibowo,28 February 2024,05 March 2024,Standart,150000,Probolinggo,+62 (01) 134-2183
60,Daniswara Siregar,20 February 2024,25 February 2024,AC,200000,Pasuruan,+62 (11) 093-0545
61,Jefri Habibi,05 June 2024,09 June 2024,Standart,150000,Blitar,-
62,Eka Prayoga,02 May 2024,06 May 2024,AC,200000,Cirebon,(089) 661-2990
63,Sakti Mustofa,01 November 2023,04 November 2023,Standart,150000,Kediri,+62 (0021) 558 2572
64,Lasmono Prasetyo,25 April 2024,29 April 2024,AC,200000,Jakarta,(007) 289 6080
65,Kartika Astuti,06 January 2024,10 January 2024,AC,200000,Jember,+62 (13) 742 3442
66,Enteng Usada,01 April 2023,03 April 2023,AC,200000,Surabaya,-8537
67,Endra Siregar,10 May 2023,10 May 2023,Standart,150000,Solo,-
68,Dagel Oktaviani,25 November 2023,30 November 2023,AC,200000,Cirebon,085 224 3897
69,Kairav Hakim,23 June 2024,29 June 2024,AC,200000,Jember,+62 (0914) 041 5015
70,Eja Oktaviani,24 March 2024,29 March 2024,Standart,150000,Cirebon,(017) 636 6645
71,Ganda Iswahyudi,14 February 2024,14 February 2024,AC,200000,Solo,(0510) 560-9410
72,Hamima Irawan,24 May 2024,30 May 2024,Standart,150000,Magelang,-9729
73,Yoga Uyainah,15 January 2023,17 January 2023,AC,200000,Bogor,-
74,Qori Laksita,03 February 2023,04 February 2023,AC,200000,Kediri,(0345) 865-8036
75,Karsana Uwais,01 February 2024,02 February 2024,Standart,150000,Semarang,+62 (407) 386-3819
76,Michelle Nasyiah,16 December 2023,16 December 2023,Standart,150000,Jember,+62 (89) 025 7974
77,Kuncara Prastuti,02 April 2023,03 April 2023,AC,200000,Bogor,(0551) 092 5764
78,Ivan Purwanti,25 December 2023,29 December 2023,Standart,150000,Yogyakarta,-5202
79,Harja Zulaika,26 August 2023,01 September 2023,AC,200000,Bandung,085 839 0963
80,Lanjar Nababan,20 July 2023,25 July 2023,AC,200000,Malang,(051) 980 3250
81,Mulyanto Anggraini,17 January 2024,20 January 2024,AC,200000,Tangerang,+62 (086) 094 2477
82,Vicky Suartini,07 August 2023,07 August 2023,Standart,150000,Jakarta,-9716
83,Teguh Gunarto,04 April 2023,06 April 2023,Standart,150000,Bekasi,-9713
84,Waluyo Nashiruddin,06 July 2023,10 July 2023,Standart,150000,Depok,-
85,Anastasia Anggriawan,22 August 2023,25 August 2023,AC,200000,Probolinggo,+62 (059) 056 6334
86,Putu Pertiwi,14 February 2023,17 February 2023,Standart,150000,Probolinggo,-5690
87,Irwan Prasetya,28 February 2024,29 February 2024,Standart,150000,Bogor,(0815) 494 1673
88,Danuja Laksmiwati,31 January 2024,04 February 2024,AC,200000,Malang,-
89,Rahmi Prastuti,09 September 2023,13 September 2023,AC,200000,Surabaya,-
90,Garda Saragih,08 April 2024,09 April 2024,AC,200000,Madiun,+62 (85) 170 3308
91,Clara Maryadi,19 February 2023,21 February 2023,Standart,150000,Madiun,-670
92,Asirwada Wibowo,31 January 2024,01 February 2024,AC,200000,Surabaya,-5261
93,Mahdi Manullang,19 February 2024,21 February 2024,AC,200000,Surabaya,-4440
94,Darmanto Tarihoran,29 September 2023,05 October 2023,AC,200000,Magelang,+62 (0399) 467 4855
95,Pranata Utama,20 August 2023,20 August 2023,AC,200000,Bandung,-
96,Aris Widodo,12 April 2024,16 April 2024,AC,200000,Depok,+62 (39) 735-7877
97,Janet Putra,22 February 2024,22 February 2024,Standart,150000,Blitar,(085) 612 6527
98,Jelita Wulandari,06 February 2024,09 February 2024,Standart,150000,Solo,+62 (396) 681 4751
99,Mahdi Halim,13 June 2023,15 June 2023,Standart,150000,Probolinggo,+62 (0614) 839-8916
100,Hendra Winarsih,24 November 2023,26 November 2023,Standart,150000,Jakarta,-7884
101,Zamira Riyanti,25 June 2024,28 June 2024,AC,200000,Yogyakarta,(022) 365 5864
102,Jaeman Iswahyudi,24 January 2024,29 January 2024,AC,200000,Magelang,-3151
103,Laswi Andriani,18 June 2024,18 June 2024,Standart,150000,Depok,+62 (071) 668 7622
104,Restu Yuliarti,15 August 2023,15 August 2023,AC,200000,Semarang,-2831
105,Dirja Gunarto,01 May 2024,05 May 2024,AC,200000,Malang,-3192
106,Jane Ramadan,03 January 2024,03 January 2024,Standart,150000,Cirebon,-
107,Zulaikha Maryadi,11 July 2023,15 July 2023,AC,200000,Yogyakarta,+62 (905) 088-9351
108,Heru Nurdiyanti,02 September 2023,03 September 2023,AC,200000,Bogor,+62 (0613) 826-3777
109,Edward Habibi,13 August 2023,15 August 2023,Standart,150000,Solo,082 611 5457
110,Ratih Widiastuti,10 May 2023,12 May 2023,AC,200000,Jakarta,+62 (0186) 696 3376
111,Lulut Prasetyo,09 March 2024,09 March 2024,Standart,150000,Surabaya,-3218
112,Tirta Sihotang,25 October 2023,30 October 2023,Standart,150000,Magelang,+62 (05) 377 8489
113,Olivia Situmorang,09 June 2024,13 June 2024,Standart,150000,Depok,(000) 732 6892
114,Ella Uwais,27 January 2023,27 January 2023,Standart,150000,Madiun,089 884 1514
115,Maida Mardhiyah,08 October 2023,10 October 2023,AC,200000,Semarang,+62 (0511) 602 7175
116,Ridwan Wahyudin,06 October 2023,07 October 2023,AC,200000,Jakarta,-5021
117,Purwanto Pranowo,07 March 2024,13 March 2024,AC,200000,Semarang,-10084
118,Surya Mahendra,18 August 2023,21 August 2023,Standart,150000,Semarang,-316
119,Daliono Saefullah,21 May 2023,25 May 2023,AC,200000,Probolinggo,+62 (030) 816 7842
120,Karsana Halim,08 March 2023,09 March 2023,AC,200000,Kediri,+62 (027) 491-8101
121,Tedi Prakasa,17 May 2023,17 May 2023,AC,200000,Yogyakarta,-3625
122,Bakidin Wibisono,22 February 2024,25 February 2024,AC,200000,Blitar,+62 (50) 545-9581
123,Mustika Kuswandari,28 January 2024,01 February 2024,AC,200000,Cirebon,+62 (233) 442 0299
124,Anita Suryatmi,04 August 2023,06 August 2023,AC,200000,Probolinggo,-805
125,Jane Sirait,30 January 2024,03 February 2024,AC,200000,Bekasi,+62 (909) 423-0142
126,Gandewa Lailasari,14 March 2024,16 March 2024,AC,200000,Solo,080 192 3885
127,Mursita Nasyidah,21 January 2023,21 January 2023,Standart,150000,Bekasi,-3640
128,Hari Lazuardi,02 September 2023,04 September 2023,Standart,150000,Probolinggo,-9480
129,Gangsar Prayoga,01 January 2024,01 January 2024,Standart,150000,Surabaya,-2617
130,Banara Saefullah,15 March 2023,18 March 2023,AC,200000,Banyuwangi,-3502
131,Laksana Rahmawati,21 June 2024,25 June 2024,AC,200000,Bandung,089 288 9155
132,Rafi Sitompul,03 January 2024,07 January 2024,Standart,150000,Bogor,(0557) 510-9610
133,Rahman Lazuardi,27 June 2023,28 June 2023,Standart,150000,Magelang,+62 (0270) 270 8405
134,Pandu Purnawati,18 June 2024,20 June 2024,Standart,150000,Cirebon,(0490) 785-4633
135,Bakiman Simbolon,04 January 2024,05 January 2024,Standart,150000,Kediri,083 628 1793
136,Karja Firmansyah,12 December 2023,17 December 2023,Standart,150000,Solo,(0861) 477-8673
137,Tantri Wahyudin,13 May 2024,19 May 2024,AC,200000,Bogor,+62 (588) 338 3684
138,Wisnu Pratama,19 January 2024,23 January 2024,Standart,150000,Bekasi,+62 (19) 511-2853
139,Pandu Fujiati,26 April 2024,26 April 2024,AC,200000,Bekasi,+62 (030) 462-5410
140,Dimas Lailasari,16 January 2024,21 January 2024,AC,200000,Solo,874884640
141,Laksana Agustina,07 April 2024,13 April 2024,AC,200000,Jember,816771696
142,Tedi Budiyanto,25 August 2023,31 August 2023,Standart,150000,Magelang,+62 (021) 957-6513
143,Cengkir Fujiati,26 December 2023,27 December 2023,AC,200000,Kediri,082 921 5671
144,Jelita Latupono,25 September 2023,26 September 2023,AC,200000,Cirebon,+62 (677) 866-8506
145,Akarsana Lestari,19 July 2023,20 July 2023,Standart,150000,Bekasi,(0330) 188-7455
146,Tasdik Rahmawati,30 September 2023,02 October 2023,AC,200000,Jember,+62 (613) 672 2453
147,Zalindra Hutasoit,05 April 2023,07 April 2023,Standart,150000,Magelang,-10037
148,Mahdi Palastri,11 April 2023,16 April 2023,Standart,150000,Pasuruan,-
149,Yoga Namaga,23 October 2023,23 October 2023,AC,200000,Madiun,(0675) 099 0179
150,Keisha Mustofa,15 May 2024,21 May 2024,Standart,150000,Cirebon,+62 (497) 326 0343
151,Yoga Hidayanto,09 August 2023,14 August 2023,AC,200000,Magelang,(043) 399-6598
152,Ika Najmudin,13 April 2024,16 April 2024,AC,200000,Kediri,+62 (41) 115 5664
153,Lidya Winarsih,14 May 2024,19 May 2024,Standart,150000,Semarang,+62 (007) 081 4876
154,Taufik Mustofa,10 September 2023,11 September 2023,Standart,150000,Semarang,+62 (134) 983 9393
155,Syahrini Hutagalung,19 January 2023,23 January 2023,AC,200000,Madiun,+62 (0701) 488 4436
156,Mahdi Habibi,07 March 2024,12 March 2024,Standart,150000,Tangerang,+62 (011) 332 3814
157,Tedi Mardhiyah,26 June 2024,27 June 2024,Standart,150000,Cirebon,-
158,Ibun Utama,25 March 2024,25 March 2024,AC,200000,Malang,(027) 938 3415
159,Paramita Halim,28 April 2024,01 May 2024,Standart,150000,Kediri,-
160,Labuh Prasetyo,28 January 2023,01 February 2023,Standart,150000,Kediri,(019) 678 6884
161,Jati Nurdiyanti,22 June 2023,27 June 2023,AC,200000,Jakarta,+62 (056) 327-3196
162,Darman Anggriawan,09 June 2024,10 June 2024,AC,200000,Solo,(054) 976 0209
163,Usyi Nababan,13 December 2023,17 December 2023,AC,200000,Magelang,-865
164,Liman Santoso,12 September 2023,14 September 2023,AC,200000,Jember,+62 (168) 110 8097
165,Daliono Waskita,09 July 2023,15 July 2023,AC,200000,Malang,+62 (032) 124-6440
166,Simon Wastuti,14 January 2024,15 January 2024,AC,200000,Bandung,-1507
167,Rahmi Pradana,19 November 2023,21 November 2023,Standart,150000,Bandung,-6692
168,Balamantri Rajasa,22 December 2023,24 December 2023,Standart,150000,Yogyakarta,082 423 8380
169,Devi Pradana,07 February 2024,09 February 2024,Standart,150000,Pasuruan,-
170,Omar Damanik,02 June 2023,05 June 2023,AC,200000,Magelang,+62 (348) 072 3987
171,Langgeng Manullang,19 January 2024,24 January 2024,AC,200000,Malang,-4191
172,Edi Najmudin,11 February 2023,14 February 2023,Standart,150000,Depok,-
173,Malika Hastuti,22 April 2024,23 April 2024,AC,200000,Depok,+62 (45) 844 9932
174,Jaga Handayani,08 June 2024,11 June 2024,AC,200000,Jember,(0238) 831 0316
175,Ghani Maryadi,06 September 2023,09 September 2023,AC,200000,Malang,-
176,Purwadi Winarno,27 April 2023,27 April 2023,AC,200000,Kediri,-
177,Puspa Aryani,17 February 2023,17 February 2023,AC,200000,Cirebon,+62 (557) 091-9173
178,Galur Lailasari,12 February 2024,12 February 2024,AC,200000,Bandung,+62 (85) 481 7911
179,Hendra Novitasari,30 June 2023,02 July 2023,Standart,150000,Magelang,(0335) 195-2506
180,Lanang Laksmiwati,15 June 2023,17 June 2023,AC,200000,Surabaya,-8115
181,Najib Utama,26 November 2023,28 November 2023,Standart,150000,Bekasi,-4657
182,Ratna Winarno,08 October 2023,11 October 2023,AC,200000,Solo,-3069
183,Candrakanta Mansur,04 May 2023,07 May 2023,Standart,150000,Kediri,-
184,Vivi Yolanda,13 June 2024,17 June 2024,AC,200000,Malang,(055) 454-8680
185,Cindy Wijaya,20 December 2023,21 December 2023,Standart,150000,Solo,(026) 179 6351
186,Umi Thamrin,17 August 2023,23 August 2023,AC,200000,Banyuwangi,(030) 934 6716
187,Ihsan Nainggolan,10 July 2023,14 July 2023,AC,200000,Madiun,(0152) 788-4935
188,Prasetya Pradipta,10 August 2023,12 August 2023,AC,200000,Depok,+62 (019) 698-4978
189,Genta Maryadi,03 January 2024,04 January 2024,Standart,150000,Probolinggo,+62 (94) 418 7830
190,Karsana Hasanah,06 April 2023,06 April 2023,Standart,150000,Malang,-3845
191,Lala Rajasa,13 March 2024,16 March 2024,Standart,150000,Bogor,(0174) 330-2534
192,Harimurti Wahyudin,05 June 2023,11 June 2023,AC,200000,Yogyakarta,082 995 5805
193,Paris Kusumo,08 June 2023,11 June 2023,Standart,150000,Jakarta,+62 (0017) 449 8295
194,Zizi Iswahyudi,11 March 2023,17 March 2023,AC,200000,Bandung,+62 (239) 659 7910
195,Jamal Ramadan,24 April 2024,24 April 2024,AC,200000,Malang,+62 (275) 935-8017
196,Paulin Rahmawati,22 March 2023,24 March 2023,AC,200000,Banyuwangi,-
197,Raihan Kusumo,26 July 2023,26 July 2023,Standart,150000,Madiun,840199354
198,Irwan Astuti,28 May 2024,03 June 2024,Standart,150000,Tangerang,(083) 667 7837
199,Balapati Widiastuti,13 April 2023,17 April 2023,Standart,150000,Cirebon,-5717
200,Garda Riyanti,05 October 2023,08 October 2023,Standart,150000,Pasuruan,084 448 0710
201,Pranata Rahmawati,28 May 2023,29 May 2023,Standart,150000,Probolinggo,+62 (079) 486-7543
202,Halima Uyainah,28 January 2024,29 January 2024,AC,200000,Jakarta,(052) 195 5262
203,Dodo Sudiati,16 January 2023,21 January 2023,Standart,150000,Tangerang,+62 (063) 346 9206
204,Jaswadi Widiastuti,17 March 2024,20 March 2024,AC,200000,Surabaya,+62 (751) 719-5217
205,Carla Riyanti,31 March 2023,06 April 2023,Standart,150000,Probolinggo,+62 (17) 751 6355
206,Cahyono Fujiati,11 June 2024,13 June 2024,Standart,150000,Solo,+62 (613) 093 9871
207,Reza Yuniar,18 May 2023,24 May 2023,AC,200000,Yogyakarta,-4457
208,Vino Hartati,01 December 2023,07 December 2023,Standart,150000,Tangerang,-
209,Prayitna Zulkarnain,14 January 2024,14 January 2024,AC,200000,Kediri,+62 (083) 989-4803
210,Parman Hutagalung,01 April 2024,05 April 2024,AC,200000,Blitar,+62 (0645) 905 2049
211,Damar Sihombing,21 April 2023,24 April 2023,AC,200000,Pasuruan,-2727
212,Silvia Sitorus,04 June 2023,09 June 2023,Standart,150000,Jember,-10245
213,Okto Prabowo,14 June 2023,14 June 2023,AC,200000,Blitar,+62 (57) 968-9792
214,Rizki Mahendra,26 September 2023,27 September 2023,AC,200000,Semarang,(0296) 517-6218
215,Cahya Sihombing,25 February 2023,01 March 2023,AC,200000,Pasuruan,-7695
216,Cakrawangsa Nainggolan,01 May 2024,01 May 2024,AC,200000,Bekasi,823948293
217,Belinda Mangunsong,23 February 2024,23 February 2024,AC,200000,Bogor,+62 (258) 666-3981
218,Cornelia Permadi,18 December 2023,21 December 2023,Standart,150000,Magelang,(050) 330 4654
219,Dimaz Prabowo,11 November 2023,12 November 2023,AC,200000,Pasuruan,+62 (995) 222 7245
220,Pardi Halim,13 January 2024,19 January 2024,Standart,150000,Malang,085 456 4137
221,Harto Wijaya,27 November 2023,02 December 2023,Standart,150000,Bekasi,837410544
222,Tania Januar,03 September 2023,07 September 2023,Standart,150000,Bogor,-2578
223,Ismail Saputra,27 August 2023,31 August 2023,Standart,150000,Banyuwangi,+62 (659) 869 4884
224,Michelle Irawan,13 July 2023,16 July 2023,AC,200000,Jember,-5977
225,Himawan Yuniar,30 July 2023,04 August 2023,AC,200000,Banyuwangi,+62 (379) 604 1546
226,Kamaria Palastri,12 January 2023,14 January 2023,Standart,150000,Yogyakarta,-2078
227,Daru Napitupulu,07 October 2023,09 October 2023,Standart,150000,Kediri,+62 (27) 806 6917
228,Bakidin Tamba,16 May 2023,16 May 2023,AC,200000,Blitar,+62 (397) 615 6120
229,Yosef Nainggolan,05 March 2023,09 March 2023,AC,200000,Magelang,-2014
230,Karimah Rahimah,03 October 2023,03 October 2023,Standart,150000,Tangerang,-7614
231,Umar Thamrin,13 October 2023,15 October 2023,AC,200000,Yogyakarta,+62 (0026) 097 0953
232,Warsita Jailani,20 September 2023,26 September 2023,Standart,150000,Tangerang,+62 (045) 437-0789
233,Mursita Rahimah,26 January 2023,26 January 2023,Standart,150000,Banyuwangi,-3968
234,Rangga Wibisono,03 February 2024,06 February 2024,AC,200000,Pasuruan,+62 (058) 164 7162
235,Gantar Sihombing,22 April 2024,25 April 2024,Standart,150000,Solo,+62 (043) 609 6531
236,Hesti Hassanah,10 May 2023,16 May 2023,Standart,150000,Bandung,-8185
237,Gading Siregar,04 January 2024,05 January 2024,Standart,150000,Probolinggo,-7190
238,Muni Nuraini,17 January 2023,19 January 2023,AC,200000,Madiun,-6900
239,Tami Sirait,28 December 2023,30 December 2023,AC,200000,Depok,-
240,Daliman Winarno,27 February 2023,04 March 2023,AC,200000,Magelang,861068917
241,Rudi Namaga,15 May 2023,16 May 2023,Standart,150000,Madiun,+62 (38) 064-8519
242,Gilang Maheswara,09 April 2024,11 April 2024,Standart,150000,Yogyakarta,+62 (923) 999-9594
243,Zahra Latupono,11 March 2024,13 March 2024,Standart,150000,Depok,+62 (042) 765 5861
244,Drajat Hassanah,10 December 2023,16 December 2023,AC,200000,Jember,881592122
245,Mariadi Saefullah,11 July 2023,11 July 2023,AC,200000,Banyuwangi,-8912
246,Dewi Nurdiyanti,17 April 2023,18 April 2023,Standart,150000,Madiun,+62 (858) 840-5955
247,Bakti Fujiati,04 June 2024,04 June 2024,AC,200000,Kediri,084 976 1716
248,Lidya Rahmawati,26 February 2023,04 March 2023,Standart,150000,Banyuwangi,869964239
249,Prasetyo Mulyani,20 April 2024,22 April 2024,Standart,150000,Semarang,835720229
250,Cawisono Natsir,14 April 2024,19 April 2024,AC,200000,Jakarta,-9225
251,Bakidin Wibisono,09 March 2024,13 March 2024,AC,200000,Bogor,-5663
252,Titin Situmorang,21 February 2024,25 February 2024,Standart,150000,Kediri,-
253,Arta Andriani,09 June 2024,13 June 2024,Standart,150000,Kediri,+62 (63) 540-2689
254,Makara Rahayu,28 April 2023,02 May 2023,AC,200000,Blitar,-8080
255,Gadang Wibisono,16 January 2023,21 January 2023,Standart,150000,Pasuruan,-9354
256,Rama Kusumo,27 November 2023,03 December 2023,AC,200000,Bogor,+62 (0809) 619 4901
257,Gandi Irawan,07 December 2023,13 December 2023,AC,200000,Kediri,+62 (656) 006-8719
258,Jayeng Sitorus,03 June 2023,03 June 2023,AC,200000,Malang,+62 (0463) 164 1555
259,Anggabaya Kuswandari,02 May 2023,08 May 2023,AC,200000,Magelang,-9808
260,Prima Kusumo,10 March 2023,10 March 2023,Standart,150000,Kediri,+62 (577) 323-0009
261,Adiarja Uyainah,19 April 2024,20 April 2024,Standart,150000,Blitar,867266090
262,Kayla Simbolon,27 September 2023,27 September 2023,AC,200000,Magelang,+62 (63) 825 0207
263,Jayeng Maryati,16 March 2024,18 March 2024,AC,200000,Bandung,867173883
264,Jayadi Nainggolan,02 January 2024,08 January 2024,AC,200000,Cirebon,-
265,Reza Usamah,22 July 2023,25 July 2023,Standart,150000,Solo,(026) 006-3927
266,Mahdi Rajasa,17 December 2023,17 December 2023,Standart,150000,Probolinggo,(0977) 619 8563
267,Nyoman Utama,02 April 2023,03 April 2023,AC,200000,Blitar,+62 (0124) 457 7156
268,Omar Prakasa,29 April 2024,01 May 2024,AC,200000,Madiun,-4533
269,Darman Usamah,26 January 2023,27 January 2023,Standart,150000,Jember,+62 (08) 659-5644
270,Winda Laksmiwati,20 March 2023,20 March 2023,AC,200000,Madiun,(083) 912-4502
271,Wasis Mandala,11 March 2024,11 March 2024,AC,200000,Depok,802614741
272,Ian Ardianto,24 December 2023,27 December 2023,AC,200000,Banyuwangi,-9413
273,Danuja Siregar,19 July 2023,22 July 2023,Standart,150000,Solo,-8128
274,Rangga Haryanti,22 February 2024,25 February 2024,Standart,150000,Bogor,+62 (799) 070 1191
275,Gangsar Mandala,21 March 2023,22 March 2023,AC,200000,Cirebon,-3833
276,Ajimin Ramadan,25 May 2024,29 May 2024,Standart,150000,Madiun,+62 (0482) 277-2628
277,Hartana Megantara,14 February 2023,20 February 2023,Standart,150000,Banyuwangi,-11050
278,Karimah Hidayanto,03 March 2024,08 March 2024,Standart,150000,Madiun,-
279,Catur Budiyanto,11 January 2024,12 January 2024,Standart,150000,Banyuwangi,-1891
280,Aurora Astuti,14 June 2023,17 June 2023,Standart,150000,Cirebon,(0598) 999-6578
281,Jaga Namaga,15 March 2024,21 March 2024,Standart,150000,Tangerang,(0143) 560 6283
282,Galiono Hassanah,19 August 2023,25 August 2023,AC,200000,Magelang,-6772
283,Ismail Utama,14 June 2024,20 June 2024,AC,200000,Magelang,-3060
284,Eva Simbolon,08 July 2023,10 July 2023,Standart,150000,Bandung,-2023
285,Harja Yolanda,20 October 2023,25 October 2023,AC,200000,Tangerang,(0080) 005-9398
286,Rina Pudjiastuti,18 March 2023,24 March 2023,Standart,150000,Bandung,(011) 330-9409
287,Tasnim Wibisono,14 July 2023,20 July 2023,AC,200000,Banyuwangi,+62 (052) 596 8000
288,Karsa Sitompul,17 December 2023,21 December 2023,AC,200000,Tangerang,083 852 9760
289,Lala Manullang,28 April 2023,04 May 2023,Standart,150000,Malang,+62 (94) 896-4568
290,Cici Pradana,16 February 2024,22 February 2024,AC,200000,Solo,-7277
291,Darijan Marbun,20 March 2024,25 March 2024,AC,200000,Banyuwangi,+62 (435) 440-5819
292,Darmanto Laksmiwati,12 January 2023,12 January 2023,Standart,150000,Tangerang,-1851
293,Marsudi Habibi,13 August 2023,13 August 2023,Standart,150000,Banyuwangi,+62 (0185) 128 0538
294,Iriana Mayasari,15 December 2023,15 December 2023,Standart,150000,Kediri,826534686
295,Muni Mansur,27 February 2023,27 February 2023,Standart,150000,Bogor,(019) 568-9997
296,Widya Jailani,30 January 2023,02 February 2023,Standart,150000,Madiun,(059) 253-0379
297,Dasa Thamrin,25 August 2023,30 August 2023,AC,200000,Banyuwangi,+62 (027) 957 3454
298,Gamblang Oktaviani,16 June 2024,20 June 2024,AC,200000,Surabaya,-3192
299,Kasiyah Napitupulu,14 May 2024,19 May 2024,AC,200000,Kediri,+62 (065) 654-4424
300,Vanya Rajata,28 November 2023,03 December 2023,AC,200000,Cirebon,+62 (862) 807-4486
301,Kanda Wahyuni,01 August 2023,03 August 2023,Standart,150000,Kediri,080 199 0092
302,Gadang Prakasa,10 September 2023,10 September 2023,AC,200000,Depok,-1362
303,Slamet Yuniar,16 July 2023,16 July 2023,Standart,150000,Yogyakarta,084 014 0219
304,Bancar Nasyidah,17 January 2024,23 January 2024,AC,200000,Cirebon,+62 (049) 047-8181
305,Dina Hutasoit,10 July 2023,10 July 2023,AC,200000,Blitar,(054) 910 0247
306,Muni Nasyidah,19 August 2023,25 August 2023,Standart,150000,Jakarta,+62 (0080) 952 8232
307,Uda Halim,03 February 2024,03 February 2024,Standart,150000,Probolinggo,+62 (0377) 314-0510
308,Dina Hutasoit,03 May 2024,07 May 2024,Standart,150000,Yogyakarta,-3802
309,Lili Wijaya,22 October 2023,25 October 2023,AC,200000,Pasuruan,-8452
310,Edison Latupono,27 March 2024,28 March 2024,Standart,150000,Madiun,+62 (831) 615 8578
311,Baktiono Jailani,10 May 2024,12 May 2024,AC,200000,Surabaya,+62 (928) 757-9579
312,Putri Hutagalung,27 March 2023,28 March 2023,AC,200000,Jakarta,+62 (0613) 900 8940
313,Among Aryani,31 October 2023,05 November 2023,AC,200000,Bogor,-4880
314,Rahmi Zulaika,31 January 2024,05 February 2024,Standart,150000,Bekasi,-
315,Titi Agustina,04 April 2023,06 April 2023,Standart,150000,Cirebon,(048) 239-1397
316,Hana Suryatmi,10 August 2023,12 August 2023,AC,200000,Madiun,(0057) 843 9993
317,Margana Mandasari,24 November 2023,25 November 2023,Standart,150000,Jakarta,-6043
318,Enteng Uwais,23 July 2023,29 July 2023,AC,200000,Kediri,-
319,Sidiq Zulaika,30 March 2023,05 April 2023,Standart,150000,Solo,-2448
320,Vicky Maryadi,15 February 2024,19 February 2024,Standart,150000,Kediri,-
321,Ina Hutagalung,15 August 2023,16 August 2023,AC,200000,Tangerang,(0049) 787 1109
322,Bakijan Wahyuni,24 May 2023,24 May 2023,AC,200000,Jakarta,(0716) 962-9955
323,Tira Wibowo,12 January 2024,18 January 2024,Standart,150000,Yogyakarta,-
324,Cahyadi Kusumo,24 September 2023,27 September 2023,Standart,150000,Blitar,+62 (36) 747 4920
325,Caket Nasyiah,25 February 2024,26 February 2024,AC,200000,Tangerang,+62 (020) 479-9308
326,Dipa Putra,14 August 2023,14 August 2023,AC,200000,Blitar,(0535) 050-6297
327,Aisyah Purwanti,05 May 2024,10 May 2024,Standart,150000,Solo,-7387
328,Raden Megantara,02 December 2023,04 December 2023,AC,200000,Yogyakarta,+62 (162) 164-6109
329,Mursinin Uwais,16 August 2023,18 August 2023,Standart,150000,Surabaya,-4393
330,Niyaga Winarno,10 February 2024,10 February 2024,Standart,150000,Cirebon,+62 (143) 349 1100
331,Rika Anggraini,22 March 2023,27 March 2023,Standart,150000,Bekasi,(031) 260-0178
332,Hartaka Rahimah,15 April 2024,15 April 2024,AC,200000,Surabaya,+62 (0476) 152-0800
333,Jayadi Putra,03 January 2023,03 January 2023,AC,200000,Bandung,-8634
334,Caket Pranowo,31 March 2024,05 April 2024,AC,200000,Yogyakarta,+62 (23) 723-5650
335,Kurnia Wacana,28 April 2024,01 May 2024,Standart,150000,Malang,(0479) 550-8196
336,Warta Susanti,29 March 2024,02 April 2024,Standart,150000,Malang,(0593) 888 6275
337,Calista Rajasa,26 April 2024,27 April 2024,AC,200000,Solo,+62 (725) 116 0628
338,Aris Waskita,17 October 2023,20 October 2023,Standart,150000,Tangerang,+62 (056) 177 6225
339,Simon Namaga,15 March 2023,21 March 2023,Standart,150000,Blitar,-
340,Hartaka Mangunsong,20 July 2023,25 July 2023,AC,200000,Tangerang,+62 (094) 614 4533
341,Siska Astuti,08 May 2024,11 May 2024,Standart,150000,Pasuruan,-
342,Baktiadi Novitasari,17 January 2023,22 January 2023,AC,200000,Cirebon,+62 (11) 399 1829
343,Jarwi Pratama,17 May 2024,17 May 2024,Standart,150000,Solo,+62 (039) 186 8614
344,Prayoga Firmansyah,03 April 2023,09 April 2023,AC,200000,Banyuwangi,-7252
345,Puspa Hakim,13 February 2024,13 February 2024,Standart,150000,Surabaya,083 282 5791
346,Carub Laksmiwati,20 December 2023,25 December 2023,Standart,150000,Banyuwangi,(084) 527 6836
347,Ida Melani,11 December 2023,11 December 2023,Standart,150000,Tangerang,-9922
348,Galur Wasita,02 November 2023,06 November 2023,AC,200000,Jakarta,-
349,Salman Januar,09 February 2023,12 February 2023,AC,200000,Tangerang,+62 (009) 985 5539
350,Bakijan Hidayanto,29 December 2023,29 December 2023,AC,200000,Depok,+62 (014) 931 9855
351,Vivi Maulana,25 December 2023,29 December 2023,Standart,150000,Pasuruan,+62 (91) 879-7176
352,Kani Sitompul,30 September 2023,04 October 2023,AC,200000,Blitar,+62 (076) 585 8191
353,Betania Waluyo,15 September 2023,17 September 2023,Standart,150000,Bekasi,+62 (0561) 390 3716
354,Lala Nugroho,07 May 2023,07 May 2023,Standart,150000,Bekasi,(067) 882 0497
355,Cakrajiya Putra,24 March 2024,26 March 2024,Standart,150000,Blitar,+62 (011) 590-5058
356,Lutfan Gunawan,10 December 2023,13 December 2023,Standart,150000,Pasuruan,+62 (0490) 040 0936
357,Dalimin Yuniar,08 March 2024,09 March 2024,Standart,150000,Surabaya,+62 (614) 129-4086
358,Garan Mansur,26 May 2023,27 May 2023,Standart,150000,Magelang,(0040) 680-1327
359,Zulaikha Siregar,29 September 2023,29 September 2023,AC,200000,Bandung,(019) 376 4940
360,Gilang Pradipta,11 April 2023,12 April 2023,Standart,150000,Bekasi,+62 (015) 984-2977
361,Sari Agustina,23 July 2023,26 July 2023,AC,200000,Bogor,(091) 323 3546
362,Bahuwarna Maheswara,18 July 2023,18 July 2023,Standart,150000,Solo,083 027 9403
363,Harsanto Mayasari,21 May 2023,22 May 2023,AC,200000,Surabaya,-
364,Wardi Wulandari,23 January 2024,23 January 2024,AC,200000,Kediri,+62 (000) 257-5587
365,Pangestu Damanik,08 April 2023,12 April 2023,Standart,150000,Surabaya,+62 (0906) 747-3688
366,Cindy Hutasoit,08 February 2023,11 February 2023,AC,200000,Depok,-5001
367,Balamantri Hidayanto,03 August 2023,08 August 2023,AC,200000,Bekasi,-
368,Umaya Hardiansyah,01 October 2023,06 October 2023,Standart,150000,Magelang,-
369,Alambana Kuswoyo,06 April 2024,08 April 2024,AC,200000,Depok,-10265
370,Ihsan Situmorang,24 August 2023,24 August 2023,AC,200000,Yogyakarta,-3636
371,Teguh Tarihoran,16 August 2023,21 August 2023,Standart,150000,Surabaya,+62 (054) 445 6415
372,Shania Setiawan,17 January 2024,22 January 2024,AC,200000,Semarang,-6303
373,Himawan Rajata,23 February 2023,27 February 2023,AC,200000,Tangerang,(0952) 135 4549
374,Ismail Palastri,04 April 2023,09 April 2023,AC,200000,Tangerang,(080) 234-5558
375,Ganep Oktaviani,29 June 2024,01 July 2024,AC,200000,Kediri,851969560
376,Ulya Kusumo,11 July 2023,16 July 2023,Standart,150000,Malang,+62 (53) 077 1482
377,Bakiadi Firmansyah,11 March 2024,16 March 2024,Standart,150000,Bandung,-6487
378,Rudi Wijayanti,19 February 2023,19 February 2023,AC,200000,Bandung,-3228
379,Aisyah Waskita,15 July 2023,18 July 2023,Standart,150000,Magelang,+62 (0787) 048 3480
380,Rafi Pranowo,22 May 2024,24 May 2024,AC,200000,Semarang,+62 (754) 116-1630
381,Kawaya Anggraini,15 October 2023,21 October 2023,Standart,150000,Semarang,-9350
382,Luis Tamba,26 May 2024,01 June 2024,Standart,150000,Probolinggo,+62 (088) 933 0873
383,Tami Marpaung,18 June 2024,24 June 2024,Standart,150000,Madiun,-4849
384,Gada Wijaya,06 May 2024,10 May 2024,Standart,150000,Tangerang,+62 (98) 184 8551
385,Dacin Simanjuntak,05 April 2023,05 April 2023,AC,200000,Madiun,+62 (32) 239-7448
386,Yuliana Mustofa,23 April 2023,25 April 2023,AC,200000,Bandung,-10796
387,Amalia Nashiruddin,06 February 2024,10 February 2024,Standart,150000,Depok,853750005
388,Aris Hastuti,27 September 2023,28 September 2023,AC,200000,Probolinggo,084 834 1302
389,Taufik Wibowo,06 April 2024,07 April 2024,Standart,150000,Kediri,+62 (015) 273 0633
390,Samsul Samosir,11 January 2024,14 January 2024,AC,200000,Cirebon,814849275
391,Hasim Manullang,12 May 2023,18 May 2023,AC,200000,Tangerang,+62 (05) 944 8130
392,Yahya Tarihoran,27 August 2023,29 August 2023,AC,200000,Surabaya,899557313
393,Kusuma Habibi,18 March 2024,22 March 2024,AC,200000,Jakarta,(0314) 689-4449
394,Ismail Sihombing,30 May 2023,04 June 2023,AC,200000,Tangerang,-
395,Wawan Samosir,25 July 2023,30 July 2023,AC,200000,Surabaya,+62 (92) 365-3360
396,Hasim Simbolon,18 April 2024,20 April 2024,Standart,150000,Depok,+62 (0545) 824 5711
397,Taufik Yuniar,11 September 2023,16 September 2023,AC,200000,Madiun,+62 (43) 952-2986
398,Oliva Prasasta,28 July 2023,29 July 2023,Standart,150000,Semarang,(0803) 992-4815
399,Cengkir Hastuti,30 September 2023,04 October 2023,AC,200000,Yogyakarta,(0873) 871 1867
400,Yance Laksmiwati,25 June 2024,30 June 2024,Standart,150000,Malang,-605
401,Fathonah Tarihoran,05 February 2023,07 February 2023,Standart,150000,Probolinggo,-4253
402,Kani Purwanti,07 May 2023,08 May 2023,AC,200000,Surabaya,(0035) 364 6232
403,Irma Napitupulu,26 July 2023,28 July 2023,Standart,150000,Malang,+62 (562) 530-8048
404,Irnanto Saptono,08 August 2023,08 August 2023,Standart,150000,Bogor,(0771) 228 5560
405,Jamal Lazuardi,23 February 2023,01 March 2023,Standart,150000,Semarang,+62 (039) 285-9986
406,Garda Agustina,11 January 2024,13 January 2024,AC,200000,Bekasi,-8114
407,Jarwa Oktaviani,11 July 2023,16 July 2023,AC,200000,Surabaya,+62 (30) 919-3874
408,Amelia Latupono,14 March 2023,14 March 2023,Standart,150000,Pasuruan,+62 (74) 516-3649
409,Rina Haryanto,15 September 2023,15 September 2023,Standart,150000,Banyuwangi,-4745
410,Maimunah Wijayanti,18 February 2023,22 February 2023,AC,200000,Magelang,-2544
411,Titin Mahendra,12 August 2023,15 August 2023,AC,200000,Jember,+62 (0911) 132 1321
412,Padma Wahyudin,06 July 2023,11 July 2023,AC,200000,Jember,+62 (619) 968-5001
413,Radit Permata,07 August 2023,13 August 2023,AC,200000,Tangerang,-4919
414,Janet Winarsih,12 May 2023,14 May 2023,AC,200000,Magelang,080 024 6192
415,Dalima Uyainah,21 February 2023,26 February 2023,Standart,150000,Jember,-3153
416,Baktiono Lailasari,09 September 2023,15 September 2023,AC,200000,Jember,-8890
417,Sadina Ardianto,16 October 2023,19 October 2023,AC,200000,Jember,+62 (962) 333-5782
418,Gamani Pranowo,06 October 2023,10 October 2023,AC,200000,Bogor,-
419,Cindy Salahudin,22 May 2024,26 May 2024,AC,200000,Magelang,(0259) 461 2308
420,Elisa Manullang,25 February 2024,26 February 2024,AC,200000,Solo,+62 (028) 721-0299
421,Sakura Hutasoit,10 June 2024,13 June 2024,AC,200000,Solo,-2305
422,Rudi Manullang,06 April 2024,09 April 2024,Standart,150000,Jakarta,+62 (43) 193-3504
423,Raharja Aryani,12 February 2024,13 February 2024,Standart,150000,Surabaya,-
424,Kiandra Lailasari,10 April 2023,16 April 2023,AC,200000,Pasuruan,+62 (764) 480-8811
425,Ophelia Mandala,30 August 2023,02 September 2023,Standart,150000,Madiun,+62 (48) 592-8407
426,Anggabaya Maheswara,15 December 2023,18 December 2023,Standart,150000,Blitar,(0680) 197 5191
427,Nilam Mulyani,14 January 2023,15 January 2023,AC,200000,Jember,829630726
428,Gaiman Tampubolon,07 February 2023,08 February 2023,AC,200000,Jakarta,+62 (298) 646-5342
429,Nugraha Maheswara,05 October 2023,11 October 2023,Standart,150000,Pasuruan,083 297 8570
430,Ilsa Manullang,03 May 2024,06 May 2024,AC,200000,Blitar,+62 (055) 823-8338
431,Harto Susanti,31 August 2023,01 September 2023,AC,200000,Blitar,(098) 982-2759
432,Agus Rajasa,07 October 2023,11 October 2023,AC,200000,Depok,-6465
433,Ikhsan Hidayanto,05 March 2023,06 March 2023,AC,200000,Semarang,+62 (617) 134 5195
434,Paramita Zulkarnain,22 October 2023,27 October 2023,Standart,150000,Bogor,(008) 660 0508
435,Jaswadi Saptono,31 October 2023,31 October 2023,Standart,150000,Madiun,+62 (0224) 095-6572
436,Violet Hastuti,14 April 2023,15 April 2023,AC,200000,Banyuwangi,-
437,Mulyanto Laksita,21 March 2024,27 March 2024,AC,200000,Magelang,+62 (010) 370 3852
438,Maryadi Mahendra,22 March 2023,26 March 2023,AC,200000,Depok,+62 (64) 466 7008
439,Jabal Yulianti,18 April 2023,23 April 2023,Standart,150000,Depok,-
440,Vera Pratiwi,24 February 2024,26 February 2024,AC,200000,Magelang,-
441,Lega Wasita,28 August 2023,28 August 2023,AC,200000,Surabaya,(0958) 533-3913
442,Cakrawangsa Melani,04 November 2023,06 November 2023,Standart,150000,Depok,-8808
443,Bakiman Widiastuti,10 December 2023,14 December 2023,Standart,150000,Bogor,+62 (0779) 593 4341
444,Gatot Hidayat,15 March 2024,17 March 2024,Standart,150000,Banyuwangi,874885819
445,Chandra Astuti,19 January 2023,24 January 2023,AC,200000,Blitar,-6596
446,Raihan Nasyiah,05 May 2024,09 May 2024,Standart,150000,Jember,(096) 822-8390
447,Purwadi Mayasari,25 March 2024,27 March 2024,Standart,150000,Malang,-1055
448,Edi Puspasari,25 August 2023,28 August 2023,AC,200000,Cirebon,-3466
449,Usman Hastuti,29 January 2024,01 February 2024,Standart,150000,Madiun,+62 (0017) 955-1580
450,Gawati Ramadan,24 July 2023,24 July 2023,Standart,150000,Blitar,863798561
451,Emong Pranowo,11 April 2023,12 April 2023,Standart,150000,Semarang,+62 (932) 514 3551
452,Martaka Pratiwi,16 March 2024,16 March 2024,AC,200000,Jakarta,875070519
453,Kasusra Namaga,28 June 2024,02 July 2024,AC,200000,Kediri,+62 (189) 493-5453
454,Cayadi Pudjiastuti,12 September 2023,13 September 2023,AC,200000,Kediri,087 301 1356
455,Rudi Puspasari,28 January 2023,01 February 2023,Standart,150000,Pasuruan,-9835
456,Asirwada Kuswoyo,14 August 2023,18 August 2023,Standart,150000,Madiun,+62 (316) 162-6440
457,Rachel Safitri,02 October 2023,03 October 2023,Standart,150000,Tangerang,+62 (951) 492-8147
458,Darman Hidayat,24 January 2023,27 January 2023,Standart,150000,Solo,+62 (28) 727 4029
459,Maryadi Mandasari,01 July 2023,04 July 2023,Standart,150000,Yogyakarta,(0974) 297-2781
460,Karsa Gunawan,06 March 2024,10 March 2024,Standart,150000,Blitar,-
461,Prasetya Hidayat,14 November 2023,20 November 2023,Standart,150000,Depok,+62 (072) 197-3083
462,Mila Samosir,12 December 2023,13 December 2023,Standart,150000,Jakarta,-7710
463,Laswi Mangunsong,09 April 2023,14 April 2023,AC,200000,Jember,+62 (049) 021-5403
464,Utama Anggriawan,30 October 2023,03 November 2023,Standart,150000,Kediri,+62 (157) 078 0064
465,Warsita Safitri,19 February 2024,19 February 2024,AC,200000,Cirebon,-7437
466,Najam Waluyo,17 February 2023,23 February 2023,Standart,150000,Magelang,+62 (0542) 011 8495
467,Kamila Firmansyah,06 March 2023,09 March 2023,Standart,150000,Surabaya,+62 (07) 537 7145
468,Lamar Sirait,20 August 2023,24 August 2023,AC,200000,Banyuwangi,(025) 231 2160
469,Dadap Suartini,23 December 2023,27 December 2023,Standart,150000,Probolinggo,-
470,Balamantri Utama,16 November 2023,17 November 2023,Standart,150000,Yogyakarta,+62 (0218) 791-4461
471,Uchita Prasetyo,07 October 2023,13 October 2023,AC,200000,Depok,-6044
472,Suci Dabukke,17 April 2024,20 April 2024,AC,200000,Kediri,(069) 334 3946
473,Daryani Lestari,15 May 2024,20 May 2024,AC,200000,Bekasi,+62 (058) 207-6833
474,Asirwada Yuniar,09 August 2023,13 August 2023,Standart,150000,Surabaya,-
475,Gada Prasetya,12 February 2023,15 February 2023,AC,200000,Probolinggo,+62 (0832) 817 8901
476,Lili Handayani,23 January 2024,29 January 2024,AC,200000,Madiun,-
477,Bajragin Laksmiwati,12 February 2024,16 February 2024,AC,200000,Surabaya,+62 (0407) 181 7776
478,Jayadi Saptono,24 June 2023,29 June 2023,Standart,150000,Blitar,(091) 083-6565
479,Dwi Melani,07 December 2023,07 December 2023,Standart,150000,Magelang,+62 (0091) 494-3087
480,Rika Hastuti,18 September 2023,22 September 2023,AC,200000,Bogor,+62 (009) 231 1523
481,Nugraha Mangunsong,25 January 2024,30 January 2024,AC,200000,Semarang,(022) 756-6567
482,Taufik Saefullah,08 May 2024,14 May 2024,Standart,150000,Solo,+62 (75) 536 9881
483,Jaiman Mardhiyah,06 October 2023,11 October 2023,Standart,150000,Bekasi,-8495
484,Asirwanda Wulandari,10 November 2023,14 November 2023,AC,200000,Cirebon,(0554) 105-7020
485,Aditya Halim,01 June 2024,07 June 2024,Standart,150000,Tangerang,087 501 7479
486,Cemeti Rahimah,27 February 2024,29 February 2024,AC,200000,Malang,816702767
487,Cakrajiya Saputra,10 February 2023,13 February 2023,Standart,150000,Magelang,+62 (025) 786 8335
488,Zulaikha Pradana,28 May 2024,03 June 2024,AC,200000,Bandung,-4398
489,Candrakanta Agustina,06 December 2023,10 December 2023,Standart,150000,Probolinggo,089 504 3131
490,Cinthia Mardhiyah,24 October 2023,24 October 2023,Standart,150000,Tangerang,086 961 1768
491,Karsana Hariyah,25 May 2024,31 May 2024,AC,200000,Cirebon,805276377
492,Adhiarja Lestari,11 July 2023,15 July 2023,Standart,150000,Solo,081 202 7411
493,Mustika Permadi,19 June 2024,22 June 2024,AC,200000,Jember,+62 (0014) 254 1359
494,Bagiya Napitupulu,25 May 2024,25 May 2024,AC,200000,Jakarta,-
495,Elisa Hasanah,21 January 2023,23 January 2023,AC,200000,Madiun,(051) 351-1067
496,Janet Prasetyo,28 August 2023,03 September 2023,Standart,150000,Solo,+62 (058) 025-9996
497,Ega Yolanda,03 May 2023,09 May 2023,AC,200000,Bekasi,+62 (0019) 544 1138
498,Labuh Ramadan,21 January 2024,21 January 2024,AC,200000,Jember,(0534) 401 4262
499,Garda Usamah,21 November 2023,23 November 2023,Standart,150000,Jakarta,-
500,Eva Kuswoyo,27 May 2024,27 May 2024,Standart,150000,Malang,-
501,Yani Marbun,24 March 2023,24 March 2023,AC,200000,Madiun,+62 (086) 482 6163
502,Kasusra Mandasari,12 April 2024,17 April 2024,AC,200000,Jakarta,+62 (079) 609 9790
503,Elvina Hastuti,05 December 2023,09 December 2023,Standart,150000,Depok,+62 (062) 591-4119
504,Jumari Haryanti,13 July 2023,17 July 2023,AC,200000,Solo,-5477
505,Laswi Saragih,26 May 2024,29 May 2024,AC,200000,Tangerang,877157510
506,Raditya Halim,27 May 2023,01 June 2023,AC,200000,Bekasi,+62 (357) 255 3365
507,Hendri Megantara,12 January 2024,16 January 2024,Standart,150000,Yogyakarta,-4682
508,Asmianto Prakasa,08 August 2023,14 August 2023,Standart,150000,Bekasi,-4428
509,Yani Prasetyo,19 April 2024,24 April 2024,Standart,150000,Malang,(0863) 053-9000
510,Wani Sitompul,22 November 2023,27 November 2023,AC,200000,Bekasi,+62 (21) 966 5877
511,Bakiadi Yulianti,01 February 2023,06 February 2023,Standart,150000,Solo,086 327 3522
512,Malika Putra,31 January 2024,01 February 2024,Standart,150000,Blitar,(0213) 667-5538
513,Kasiran Widodo,23 April 2023,29 April 2023,Standart,150000,Pasuruan,+62 (010) 464-9587
514,Zahra Wibisono,09 May 2024,11 May 2024,Standart,150000,Bogor,-
515,Jarwa Tampubolon,13 March 2023,16 March 2023,AC,200000,Bekasi,(0367) 954-7054
516,Juli Haryanto,16 March 2024,18 March 2024,AC,200000,Semarang,-
517,Belinda Siregar,04 February 2024,09 February 2024,AC,200000,Malang,085 954 9435
518,Budi Mandasari,04 March 2024,04 March 2024,AC,200000,Cirebon,+62 (966) 769-9780
519,Opung Simanjuntak,31 October 2023,01 November 2023,AC,200000,Surabaya,+62 (818) 273-2979
520,Daliman Wijaya,19 March 2024,22 March 2024,Standart,150000,Banyuwangi,+62 (051) 497-0099
521,Yessi Hidayat,10 January 2023,10 January 2023,AC,200000,Yogyakarta,(066) 619 6060
522,Yoga Yuniar,16 February 2023,22 February 2023,AC,200000,Solo,-
523,Talia Wijaya,26 April 2023,28 April 2023,AC,200000,Semarang,+62 (69) 815-3127
524,Jane Utama,07 May 2024,12 May 2024,AC,200000,Blitar,+62 (40) 946-3150
525,Lantar Wasita,01 January 2023,05 January 2023,AC,200000,Magelang,+62 (0391) 925 9920
526,Maryadi Najmudin,30 November 2023,02 December 2023,Standart,150000,Tangerang,084 474 1775
527,Luis Sinaga,31 January 2023,06 February 2023,Standart,150000,Bekasi,-3406
528,Hana Hidayanto,22 May 2023,24 May 2023,AC,200000,Yogyakarta,(094) 344-7419
529,Rudi Mulyani,30 January 2024,04 February 2024,Standart,150000,Kediri,+62 (0307) 722-0851
530,Mulya Kusmawati,28 April 2023,03 May 2023,AC,200000,Bekasi,(055) 419 9039
531,Ganda Nababan,21 April 2023,27 April 2023,Standart,150000,Magelang,+62 (077) 640 0338
532,Mulya Rajata,22 October 2023,22 October 2023,AC,200000,Madiun,(088) 095-8971
533,Banawi Yuliarti,16 May 2024,18 May 2024,Standart,150000,Banyuwangi,-
534,Bakiman Jailani,16 February 2024,20 February 2024,Standart,150000,Tangerang,+62 (0683) 616-6665
535,Pangeran Melani,22 February 2023,23 February 2023,AC,200000,Solo,(069) 460 1701
536,Baktiadi Adriansyah,02 November 2023,03 November 2023,Standart,150000,Magelang,(061) 533 7782
537,Vinsen Damanik,30 July 2023,03 August 2023,AC,200000,Kediri,+62 (078) 475-0621
538,Ade Wijaya,02 July 2023,03 July 2023,AC,200000,Bandung,(0333) 935 7137
539,Saadat Laksmiwati,11 March 2023,17 March 2023,Standart,150000,Magelang,+62 (438) 760-7964
540,Hardana Lazuardi,29 March 2023,30 March 2023,Standart,150000,Bogor,-
541,Omar Aryani,25 May 2023,26 May 2023,AC,200000,Magelang,811448646
542,Irwan Wibisono,11 January 2024,14 January 2024,Standart,150000,Banyuwangi,+62 (065) 131 8356
543,Kemal Kusumo,07 March 2023,10 March 2023,AC,200000,Jember,+62 (0817) 545 1438
544,Eli Sitompul,18 November 2023,19 November 2023,Standart,150000,Bekasi,879581078
545,Utama Mandasari,25 April 2024,25 April 2024,AC,200000,Surabaya,-3575
546,Adinata Waluyo,23 April 2023,24 April 2023,AC,200000,Surabaya,+62 (0503) 671-0008
547,Bahuwarna Hutasoit,15 April 2024,19 April 2024,Standart,150000,Kediri,+62 (49) 720 3147
548,Raditya Rahimah,08 January 2023,14 January 2023,Standart,150000,Probolinggo,(000) 902 3569
549,Shakila Haryanti,13 May 2024,17 May 2024,AC,200000,Magelang,+62 (0137) 095-0219
550,Nadia Melani,05 April 2024,10 April 2024,AC,200000,Jember,+62 (114) 195 8438
551,Dadap Novitasari,04 March 2023,06 March 2023,AC,200000,Malang,(0313) 319-2075
552,Satya Melani,03 March 2024,09 March 2024,Standart,150000,Jember,(0237) 308-5586
553,Wawan Hutagalung,28 December 2023,28 December 2023,Standart,150000,Surabaya,(0027) 895 2114
554,Mumpuni Agustina,22 August 2023,26 August 2023,Standart,150000,Jakarta,-
555,Cager Hidayanto,17 September 2023,22 September 2023,Standart,150000,Surabaya,+62 (20) 796 6564
556,Patricia Thamrin,05 September 2023,09 September 2023,AC,200000,Jakarta,+62 (12) 751-5374
557,Dewi Utami,06 November 2023,10 November 2023,Standart,150000,Jakarta,+62 (804) 926-6714
558,Timbul Astuti,10 September 2023,16 September 2023,Standart,150000,Malang,+62 (040) 762-9981
559,Kasiyah Mansur,21 December 2023,27 December 2023,Standart,150000,Tangerang,+62 (065) 767 6669
560,Muni Samosir,25 March 2024,28 March 2024,Standart,150000,Malang,+62 (450) 791-4332
561,Ridwan Yuniar,17 January 2024,19 January 2024,Standart,150000,Jember,(020) 886 6286
562,Legawa Hutapea,04 January 2024,09 January 2024,AC,200000,Malang,-8275
563,Agus Wijaya,29 March 2024,04 April 2024,Standart,150000,Pasuruan,-
564,Bagiya Nuraini,06 June 2024,12 June 2024,AC,200000,Blitar,+62 (053) 661 9109
565,Tami Wahyuni,02 March 2024,03 March 2024,AC,200000,Jakarta,+62 (014) 887-8215
566,Kambali Budiyanto,30 March 2023,03 April 2023,Standart,150000,Depok,-3245
567,Prayitna Prastuti,25 September 2023,27 September 2023,Standart,150000,Cirebon,-
568,Bala Wacana,02 January 2023,05 January 2023,AC,200000,Cirebon,(0181) 295 3994
569,Wawan Setiawan,15 May 2023,15 May 2023,Standart,150000,Solo,+62 (497) 396-8240
570,Calista Sirait,06 March 2024,12 March 2024,AC,200000,Kediri,+62 (16) 136 3133
571,Edi Pratama,22 April 2023,25 April 2023,AC,200000,Madiun,089 543 2853
572,Irfan Iswahyudi,19 March 2024,24 March 2024,Standart,150000,Surabaya,-3902
573,Lukita Mahendra,05 November 2023,08 November 2023,AC,200000,Yogyakarta,-
574,Bajragin Sirait,17 June 2024,23 June 2024,AC,200000,Kediri,(0216) 480-6410
575,Laksana Wijayanti,25 November 2023,26 November 2023,Standart,150000,Bekasi,+62 (421) 482 6106
576,Asmadi Utami,23 April 2023,26 April 2023,Standart,150000,Malang,-6304
577,Kemba Nainggolan,21 February 2024,27 February 2024,Standart,150000,Probolinggo,(069) 594 7696
578,Jais Saptono,08 September 2023,13 September 2023,Standart,150000,Depok,-1502
579,Lurhur Dongoran,24 June 2024,29 June 2024,Standart,150000,Blitar,+62 (459) 652-7601
580,Tirtayasa Nainggolan,13 April 2024,19 April 2024,AC,200000,Tangerang,+62 (55) 496 7261
581,Cawuk Napitupulu,27 May 2023,29 May 2023,Standart,150000,Bogor,-
582,Hendra Permadi,29 August 2023,29 August 2023,AC,200000,Jakarta,-8549
583,Lalita Suryatmi,20 June 2023,22 June 2023,AC,200000,Depok,-2160
584,Slamet Mandasari,19 April 2023,21 April 2023,AC,200000,Bekasi,-3607
585,Danuja Nuraini,25 August 2023,28 August 2023,Standart,150000,Tangerang,+62 (02) 640-7083
586,Karya Thamrin,22 August 2023,26 August 2023,AC,200000,Probolinggo,-
587,Dimas Ardianto,17 June 2024,23 June 2024,AC,200000,Bogor,+62 (28) 272-7328
588,Malika Siregar,26 July 2023,01 August 2023,AC,200000,Banyuwangi,+62 (099) 803 0667
589,Icha Napitupulu,15 May 2023,21 May 2023,AC,200000,Madiun,-
590,Paiman Pratama,23 January 2023,27 January 2023,AC,200000,Solo,-10043
591,Lanjar Jailani,10 June 2023,15 June 2023,AC,200000,Solo,842045746
592,Vanesa Hidayat,06 September 2023,07 September 2023,Standart,150000,Yogyakarta,-
593,Salimah Ramadan,02 November 2023,07 November 2023,Standart,150000,Madiun,(013) 634-6806
594,Fathonah Lestari,23 April 2024,26 April 2024,AC,200000,Malang,+62 (052) 411 0545
595,Ikhsan Salahudin,20 June 2024,22 June 2024,AC,200000,Surabaya,(0323) 117 5984
596,Balamantri Wacana,16 December 2023,21 December 2023,AC,200000,Pasuruan,+62 (290) 970 9975
597,Prabawa Rahayu,06 September 2023,09 September 2023,Standart,150000,Blitar,-
598,Wulan Prayoga,24 January 2024,29 January 2024,Standart,150000,Malang,-2713
599,Galih Gunarto,20 January 2024,20 January 2024,AC,200000,Depok,+62 (0134) 213-7339
600,Karsana Mansur,30 September 2023,01 October 2023,AC,200000,Bogor,082 925 1926
601,Embuh Budiman,26 June 2024,01 July 2024,Standart,150000,Probolinggo,+62 (043) 029-3907
602,Hadi Thamrin,27 November 2023,27 November 2023,AC,200000,Surabaya,088 072 5082
603,Ade Kusumo,06 April 2023,06 April 2023,Standart,150000,Banyuwangi,-955
604,Galar Kuswoyo,07 January 2024,09 January 2024,Standart,150000,Probolinggo,+62 (070) 262 2695
605,Manah Nainggolan,21 May 2024,26 May 2024,AC,200000,Jakarta,+62 (076) 981-4119
606,Hesti Namaga,22 November 2023,24 November 2023,Standart,150000,Semarang,-1111
607,Legawa Padmasari,23 February 2024,23 February 2024,Standart,150000,Yogyakarta,-
608,Dipa Halim,15 July 2023,17 July 2023,AC,200000,Probolinggo,887913663
609,Garda Halim,27 March 2024,02 April 2024,Standart,150000,Surabaya,+62 (057) 883-0172
610,Yoga Setiawan,10 May 2024,14 May 2024,Standart,150000,Bekasi,-6053
611,Ikhsan Halim,06 January 2023,11 January 2023,AC,200000,Surabaya,+62 (0690) 122 9930
612,Harjaya Prayoga,30 December 2023,02 January 2024,AC,200000,Pasuruan,-
613,Jaya Sihombing,25 May 2024,30 May 2024,Standart,150000,Bekasi,+62 (48) 603-8699
614,Balijan Susanti,31 August 2023,03 September 2023,AC,200000,Yogyakarta,(0395) 719 0366
615,Elisa Puspasari,21 December 2023,26 December 2023,AC,200000,Surabaya,+62 (743) 119-4701
616,Hamima Pranowo,14 April 2023,15 April 2023,Standart,150000,Pasuruan,(0320) 861 7809
617,Sakura Hutapea,04 May 2024,08 May 2024,AC,200000,Banyuwangi,+62 (21) 602 3503
618,Danuja Maryadi,28 August 2023,02 September 2023,Standart,150000,Solo,+62 (0974) 731 5890
619,Humaira Najmudin,30 March 2024,31 March 2024,AC,200000,Bogor,+62 (0725) 097-3454
620,Dodo Utama,28 December 2023,30 December 2023,AC,200000,Depok,(0141) 536-3814
621,Chelsea Kusmawati,30 January 2023,31 January 2023,Standart,150000,Malang,+62 (772) 627-6740
622,Virman Utami,16 August 2023,17 August 2023,Standart,150000,Bogor,-9199
623,Kurnia Habibi,07 January 2023,12 January 2023,AC,200000,Jakarta,+62 (0298) 218 2083
624,Salimah Laksita,25 August 2023,27 August 2023,Standart,150000,Yogyakarta,(0251) 128 7978
625,Mursinin Maheswara,17 March 2024,18 March 2024,AC,200000,Malang,+62 (0442) 111-6739
626,Lukita Gunawan,09 September 2023,10 September 2023,Standart,150000,Cirebon,-7789
627,Padma Habibi,18 February 2024,21 February 2024,AC,200000,Tangerang,-10682
628,Taufik Mansur,01 January 2023,05 January 2023,AC,200000,Blitar,+62 (551) 053 9805
629,Salsabila Namaga,30 June 2023,05 July 2023,AC,200000,Surabaya,(072) 112 9663
630,Raden Prastuti,17 May 2023,20 May 2023,Standart,150000,Cirebon,(017) 813 4276
631,Rosman Mandasari,01 February 2024,01 February 2024,AC,200000,Kediri,+62 (72) 576-6970
632,Manah Firgantoro,11 April 2024,11 April 2024,AC,200000,Pasuruan,+62 (04) 805-6592
633,Warsita Prakasa,06 June 2023,12 June 2023,Standart,150000,Kediri,+62 (390) 205 1219
634,Gamanto Megantara,09 August 2023,11 August 2023,Standart,150000,Depok,+62 (48) 095-8461
635,Rahmi Latupono,11 May 2024,11 May 2024,AC,200000,Yogyakarta,+62 (013) 291-3721
636,Jelita Hakim,09 August 2023,10 August 2023,Standart,150000,Depok,+62 (0901) 643 7817
637,Gabriella Mandala,12 January 2024,13 January 2024,AC,200000,Jakarta,+62 (0236) 225 0047
638,Baktiono Wijayanti,16 July 2023,20 July 2023,Standart,150000,Solo,811931904
639,Artanto Wacana,05 March 2024,11 March 2024,AC,200000,Bandung,-
640,Mursita Napitupulu,24 February 2023,01 March 2023,Standart,150000,Kediri,859734473
641,Balangga Hidayanto,15 November 2023,17 November 2023,Standart,150000,Surabaya,(075) 164-1812
642,Viktor Usada,17 December 2023,23 December 2023,Standart,150000,Semarang,+62 (73) 732-6887
643,Gaduh Putra,11 April 2024,13 April 2024,Standart,150000,Magelang,-
644,Kenari Permadi,07 September 2023,13 September 2023,AC,200000,Bogor,084 684 5566
645,Asmianto Maheswara,02 December 2023,04 December 2023,Standart,150000,Pasuruan,-
646,Zulfa Hutapea,04 December 2023,10 December 2023,Standart,150000,Cirebon,-1822
647,Taufan Pradipta,11 February 2023,15 February 2023,Standart,150000,Cirebon,-4811
648,Gadang Palastri,24 June 2023,30 June 2023,AC,200000,Bekasi,+62 (93) 149 2197
649,Langgeng Siregar,04 June 2023,04 June 2023,Standart,150000,Banyuwangi,(028) 427-9739
650,Putri Nababan,06 May 2024,08 May 2024,Standart,150000,Bandung,+62 (0104) 178-8297
651,Raditya Wibisono,18 May 2024,20 May 2024,Standart,150000,Depok,+62 (001) 033 7609
652,Dadap Zulaika,19 July 2023,22 July 2023,AC,200000,Bandung,-
653,Dipa Iswahyudi,16 August 2023,17 August 2023,Standart,150000,Jakarta,880059776
654,Tedi Astuti,04 April 2023,06 April 2023,AC,200000,Tangerang,-10439
655,Oskar Farida,22 June 2023,25 June 2023,AC,200000,Depok,-
656,Prasetyo Hutasoit,07 June 2023,10 June 2023,Standart,150000,Probolinggo,+62 (0117) 434-0953
657,Purwanto Saptono,10 April 2023,10 April 2023,AC,200000,Kediri,+62 (326) 732-0607
658,Reksa Wulandari,02 June 2024,04 June 2024,Standart,150000,Madiun,+62 (0377) 994 1068
659,Cakrawangsa Pratiwi,29 March 2023,01 April 2023,Standart,150000,Bandung,-1810
660,Harsanto Anggriawan,10 April 2023,15 April 2023,Standart,150000,Banyuwangi,+62 (50) 384-4511
661,Lega Hariyah,15 October 2023,20 October 2023,Standart,150000,Bandung,(0548) 246 8597
662,Teddy Hartati,17 April 2024,23 April 2024,Standart,150000,Kediri,+62 (74) 701 3405
663,Yulia Nainggolan,05 July 2023,07 July 2023,AC,200000,Bekasi,+62 (049) 377-1327
664,Gading Melani,29 March 2024,02 April 2024,Standart,150000,Jakarta,-6190
665,Kairav Uyainah,24 January 2024,28 January 2024,AC,200000,Madiun,-
666,Anita Mansur,08 April 2024,11 April 2024,Standart,150000,Bandung,+62 (0632) 220-6467
667,Elma Prabowo,05 November 2023,08 November 2023,AC,200000,Depok,-
668,Slamet Maulana,23 November 2023,27 November 2023,Standart,150000,Banyuwangi,-8074
669,Harjasa Wahyuni,12 May 2023,12 May 2023,Standart,150000,Probolinggo,+62 (0428) 914 8771
670,Lidya Padmasari,12 January 2024,12 January 2024,Standart,150000,Cirebon,+62 (45) 994-7503
671,Bahuwarna Salahudin,23 April 2024,28 April 2024,AC,200000,Bekasi,+62 (309) 758 8435
672,Jamalia Hutapea,21 March 2023,27 March 2023,Standart,150000,Cirebon,+62 (0201) 643 6033
673,Mursita Haryanti,25 June 2024,25 June 2024,Standart,150000,Kediri,-1144
674,Atmaja Lailasari,03 October 2023,08 October 2023,AC,200000,Surabaya,-
675,Mahesa Wahyudin,26 June 2023,29 June 2023,AC,200000,Yogyakarta,+62 (765) 187 3041
676,Samsul Natsir,17 September 2023,17 September 2023,Standart,150000,Tangerang,(0418) 070 8208
677,Gaduh Mandala,05 April 2024,06 April 2024,Standart,150000,Madiun,+62 (661) 564 2179
678,Mumpuni Rahmawati,09 December 2023,15 December 2023,Standart,150000,Jember,-
679,Paiman Maryati,04 January 2023,09 January 2023,AC,200000,Probolinggo,-1558
680,Kenzie Yolanda,29 April 2024,29 April 2024,Standart,150000,Magelang,-
681,Hendra Fujiati,27 May 2023,02 June 2023,AC,200000,Magelang,+62 (39) 336 9248
682,Prayogo Puspasari,21 August 2023,25 August 2023,Standart,150000,Bandung,+62 (0112) 794-2050
683,Emil Rahayu,16 April 2023,17 April 2023,AC,200000,Semarang,879947908
684,Mahmud Yuniar,08 May 2024,14 May 2024,Standart,150000,Malang,-8793
685,Saiful Napitupulu,03 October 2023,05 October 2023,Standart,150000,Cirebon,+62 (929) 029 3904
686,Ganep Wahyuni,26 January 2024,28 January 2024,Standart,150000,Blitar,-8995
687,Amalia Prasetya,21 December 2023,27 December 2023,AC,200000,Solo,+62 (164) 476 9625
688,Naradi Nainggolan,06 April 2023,06 April 2023,AC,200000,Bandung,085 641 4277
689,Mila Hardiansyah,15 February 2024,18 February 2024,Standart,150000,Surabaya,-10104
690,Bagus Purnawati,21 April 2023,24 April 2023,AC,200000,Solo,+62 (403) 431-0117
691,Viktor Januar,01 August 2023,07 August 2023,AC,200000,Surabaya,+62 (052) 323-2731
692,Dina Sirait,11 August 2023,12 August 2023,AC,200000,Malang,-2020
693,Mustofa Nasyiah,29 September 2023,04 October 2023,AC,200000,Tangerang,(084) 689 9740
694,Rahmi Mulyani,29 May 2024,31 May 2024,Standart,150000,Bogor,+62 (003) 738 9165
695,Omar Padmasari,06 July 2023,09 July 2023,AC,200000,Bogor,+62 (0787) 421 2502
696,Wardi Nurdiyanti,06 March 2024,06 March 2024,AC,200000,Yogyakarta,+62 (002) 203 0972
697,Bagiya Suartini,09 June 2024,15 June 2024,AC,200000,Surabaya,-1744
698,Najam Namaga,02 March 2024,06 March 2024,Standart,150000,Kediri,085 678 4681
699,Bambang Waluyo,16 February 2023,19 February 2023,Standart,150000,Solo,-8715
700,Amalia Novitasari,27 September 2023,02 October 2023,Standart,150000,Yogyakarta,+62 (302) 258-9628
701,Tari Wibowo,05 June 2024,09 June 2024,AC,200000,Cirebon,+62 (23) 178 0330
702,Vera Laksmiwati,28 July 2023,02 August 2023,Standart,150000,Kediri,-7523
703,Harjaya Ramadan,01 March 2023,07 March 2023,AC,200000,Jakarta,-
704,Karma Uwais,28 October 2023,03 November 2023,Standart,150000,Depok,+62 (25) 149-4194
705,Narji Pudjiastuti,16 December 2023,17 December 2023,AC,200000,Bandung,-10102
706,Anastasia Pradana,24 February 2024,24 February 2024,Standart,150000,Magelang,+62 (623) 562 8957
707,Almira Pradipta,30 May 2023,30 May 2023,AC,200000,Pasuruan,-
708,Asmadi Megantara,09 January 2024,11 January 2024,Standart,150000,Depok,+62 (0982) 789 1329
709,Marwata Sirait,09 January 2024,12 January 2024,Standart,150000,Bandung,-2831
710,Mulyono Gunawan,01 February 2023,03 February 2023,AC,200000,Pasuruan,-8290
711,Asman Mulyani,16 February 2023,16 February 2023,Standart,150000,Yogyakarta,+62 (002) 403-0673
712,Bagya Mansur,25 June 2023,25 June 2023,AC,200000,Jakarta,(0329) 274-9666
713,Jasmin Marpaung,31 March 2023,01 April 2023,Standart,150000,Kediri,+62 (090) 673-4837
714,Limar Halimah,30 March 2023,03 April 2023,AC,200000,Madiun,+62 (021) 591-9828
715,Oni Usamah,24 June 2024,24 June 2024,AC,200000,Tangerang,+62 (082) 247 1390
716,Kayla Setiawan,13 December 2023,13 December 2023,Standart,150000,Probolinggo,+62 (94) 688-2286
717,Prayitna Zulaika,25 August 2023,31 August 2023,AC,200000,Bandung,085 734 5322
718,Radika Laksmiwati,04 June 2024,10 June 2024,Standart,150000,Depok,085 385 0918
719,Julia Lestari,13 August 2023,19 August 2023,AC,200000,Kediri,-2283
720,Yusuf Tampubolon,18 November 2023,21 November 2023,Standart,150000,Solo,+62 (17) 102-5987
721,Xanana Maheswara,14 January 2024,16 January 2024,Standart,150000,Bekasi,+62 (027) 118-5801
722,Radika Usada,27 March 2024,30 March 2024,Standart,150000,Depok,+62 (0383) 137 1948
723,Cakrabuana Nuraini,30 April 2024,30 April 2024,AC,200000,Jakarta,(071) 497 0227
724,Galiono Sitorus,16 June 2023,19 June 2023,Standart,150000,Magelang,(0593) 238-7103
725,Ulva Narpati,18 March 2023,23 March 2023,AC,200000,Semarang,(009) 416 6026
726,Laras Saputra,29 June 2024,04 July 2024,AC,200000,Madiun,088 148 6824
727,Intan Marpaung,19 April 2023,19 April 2023,AC,200000,Jember,(017) 824 2886
728,Simon Firgantoro,07 July 2023,12 July 2023,AC,200000,Semarang,+62 (671) 620-8009
729,Zelaya Lestari,07 November 2023,13 November 2023,Standart,150000,Cirebon,085 224 7429
730,Uli Iswahyudi,08 May 2023,09 May 2023,AC,200000,Jakarta,(0993) 612 7708
731,Rahmi Dongoran,19 June 2023,23 June 2023,Standart,150000,Cirebon,844628417
732,Puput Wibisono,19 April 2024,23 April 2024,Standart,150000,Cirebon,(0753) 434 9253
733,Kajen Firgantoro,09 March 2023,12 March 2023,AC,200000,Blitar,+62 (0072) 116 0458
734,Gandewa Padmasari,18 March 2024,18 March 2024,AC,200000,Bekasi,082 873 1059
735,Ozy Namaga,07 May 2023,13 May 2023,Standart,150000,Bogor,-8822
736,Elma Pudjiastuti,15 June 2024,21 June 2024,AC,200000,Depok,+62 (0240) 689-5891
737,Putri Manullang,23 January 2024,29 January 2024,Standart,150000,Bekasi,+62 (0090) 952 1132
738,Luthfi Saragih,13 March 2023,19 March 2023,AC,200000,Kediri,-9832
739,Kusuma Zulaika,29 January 2024,29 January 2024,AC,200000,Cirebon,+62 (70) 825-7818
740,Sabar Lazuardi,26 April 2024,26 April 2024,AC,200000,Magelang,+62 (0880) 343-6979
741,Irfan Adriansyah,23 May 2023,26 May 2023,Standart,150000,Semarang,(010) 114-3792
742,Adinata Purwanti,22 September 2023,25 September 2023,AC,200000,Surabaya,+62 (0171) 828-7675
743,Hesti Wibowo,26 March 2024,28 March 2024,Standart,150000,Tangerang,+62 (076) 242 3623
744,Jumadi Permata,06 May 2024,12 May 2024,AC,200000,Malang,+62 (344) 463 7191
745,Prabu Sihotang,17 April 2024,23 April 2024,Standart,150000,Probolinggo,(0391) 839 3946
746,Hardi Widodo,18 March 2023,22 March 2023,AC,200000,Bekasi,(0377) 130-6930
747,Hendri Megantara,05 December 2023,07 December 2023,Standart,150000,Semarang,(003) 244-5584
748,Melinda Sirait,02 July 2023,04 July 2023,AC,200000,Yogyakarta,+62 (511) 606 8174
749,Chelsea Wijayanti,20 December 2023,24 December 2023,Standart,150000,Bogor,+62 (151) 170-4643
750,Prayoga Salahudin,01 May 2024,07 May 2024,Standart,150000,Jember,(0740) 402-6471
751,Pranawa Tarihoran,01 February 2024,06 February 2024,AC,200000,Kediri,(015) 888-1166
752,Sabri Lestari,25 May 2024,25 May 2024,AC,200000,Magelang,866102706
753,Rahmi Hutasoit,18 July 2023,20 July 2023,AC,200000,Kediri,-
754,Ganda Simbolon,05 March 2023,09 March 2023,AC,200000,Jember,(047) 547 0601
755,Irwan Tarihoran,20 July 2023,25 July 2023,AC,200000,Bogor,+62 (0293) 590 7859
756,Lembah Simanjuntak,12 April 2024,17 April 2024,AC,200000,Bekasi,+62 (91) 696 8190
757,Siska Kusumo,20 January 2023,25 January 2023,Standart,150000,Probolinggo,-3058
758,Tania Nasyiah,23 May 2024,25 May 2024,Standart,150000,Yogyakarta,+62 (401) 452 2847
759,Kenzie Pudjiastuti,12 August 2023,18 August 2023,AC,200000,Surabaya,-
760,Sidiq Najmudin,09 January 2024,11 January 2024,AC,200000,Jakarta,+62 (044) 345-2408
761,Ian Thamrin,22 October 2023,24 October 2023,AC,200000,Semarang,+62 (41) 157-8715
762,Nova Suartini,13 March 2024,14 March 2024,AC,200000,Kediri,-
763,Amalia Pudjiastuti,02 March 2024,02 March 2024,AC,200000,Madiun,-10068
764,Cawisono Hartati,26 June 2023,28 June 2023,AC,200000,Surabaya,-2950
765,Baktiono Gunarto,16 June 2023,18 June 2023,AC,200000,Bekasi,-
766,Umar Hassanah,10 August 2023,14 August 2023,Standart,150000,Kediri,+62 (0358) 841-4905
767,Anita Widiastuti,23 December 2023,25 December 2023,Standart,150000,Madiun,-6025
768,Hartaka Kusmawati,13 February 2023,14 February 2023,AC,200000,Bekasi,(0476) 506-0455
769,Luwar Hartati,16 January 2024,22 January 2024,Standart,150000,Tangerang,088 663 1502
770,Limar Simbolon,20 April 2023,22 April 2023,Standart,150000,Bogor,-8879
771,Rika Saputra,29 February 2024,05 March 2024,Standart,150000,Depok,+62 (56) 058-8390
772,Zamira Kuswandari,22 April 2024,23 April 2024,Standart,150000,Blitar,(054) 815-3476
773,Fitriani Prasetyo,13 April 2023,18 April 2023,AC,200000,Malang,+62 (093) 126-2846
774,Adinata Waskita,26 August 2023,30 August 2023,Standart,150000,Surabaya,(0548) 407-6070
775,Hendra Hassanah,08 March 2023,14 March 2023,Standart,150000,Jakarta,+62 (0690) 542-8623
776,Wadi Nurdiyanti,28 March 2024,31 March 2024,Standart,150000,Bekasi,+62 (741) 842-4259
777,Aswani Permata,12 October 2023,12 October 2023,Standart,150000,Malang,-
778,Tasnim Irawan,06 May 2023,07 May 2023,Standart,150000,Banyuwangi,-4450
779,Kania Laksita,28 February 2024,04 March 2024,Standart,150000,Magelang,(074) 727 3028
780,Bakianto Permadi,14 November 2023,15 November 2023,AC,200000,Bandung,808982594
781,Danuja Mulyani,14 April 2024,20 April 2024,AC,200000,Madiun,-
782,Hana Susanti,18 April 2023,24 April 2023,Standart,150000,Bekasi,+62 (0154) 014 7568
783,Rahmi Hutagalung,25 October 2023,25 October 2023,AC,200000,Jember,+62 (0209) 397 2055
784,Tania Mayasari,08 January 2024,08 January 2024,AC,200000,Semarang,-
785,Najib Palastri,06 April 2023,12 April 2023,Standart,150000,Bandung,+62 (0485) 580-5556
786,Zulaikha Handayani,27 September 2023,27 September 2023,AC,200000,Magelang,+62 (0292) 582 0571
787,Lanang Damanik,15 March 2024,19 March 2024,AC,200000,Jakarta,+62 (47) 865-3060
788,Humaira Kuswoyo,23 January 2024,25 January 2024,Standart,150000,Banyuwangi,-4938
789,Elisa Siregar,03 April 2023,05 April 2023,AC,200000,Malang,+62 (024) 877 8621
790,Icha Januar,09 August 2023,12 August 2023,AC,200000,Kediri,-7670
791,Bagiya Palastri,14 April 2024,16 April 2024,AC,200000,Banyuwangi,+62 (0439) 835 1830
792,Natalia Hutagalung,22 April 2023,23 April 2023,Standart,150000,Malang,(003) 468-7695
793,Lanjar Wulandari,24 June 2024,24 June 2024,AC,200000,Bogor,850212377
794,Maryanto Hakim,30 April 2024,03 May 2024,AC,200000,Surabaya,+62 (0409) 232 3391
795,Kacung Suartini,10 October 2023,16 October 2023,AC,200000,Blitar,+62 (77) 029 6616
796,Bahuwirya Saptono,30 January 2024,31 January 2024,AC,200000,Cirebon,+62 (079) 964-2049
797,Uchita Rahmawati,24 March 2023,29 March 2023,Standart,150000,Surabaya,(0177) 432-6480
798,Marwata Saputra,17 August 2023,18 August 2023,AC,200000,Banyuwangi,085 055 8036
799,Lalita Mahendra,09 May 2024,15 May 2024,AC,200000,Bekasi,-1749
800,Salimah Winarsih,24 March 2023,28 March 2023,Standart,150000,Pasuruan,(0349) 198-5778
801,Cakrabirawa Usada,14 March 2024,15 March 2024,AC,200000,Kediri,+62 (72) 850 0444
802,Cakrabirawa Januar,15 June 2023,16 June 2023,Standart,150000,Banyuwangi,+62 (147) 456 4674
803,Kayun Suryatmi,15 June 2024,15 June 2024,Standart,150000,Magelang,+62 (49) 808-4556
804,Mulyanto Prasetya,23 June 2023,29 June 2023,Standart,150000,Bogor,+62 (498) 642 9906
805,Bagya Nababan,21 February 2023,24 February 2023,AC,200000,Cirebon,-3211
806,Lukita Damanik,14 December 2023,14 December 2023,AC,200000,Surabaya,+62 (0220) 646 1253
807,Purwa Prakasa,28 May 2023,28 May 2023,Standart,150000,Madiun,-8681
808,Yahya Siregar,15 February 2023,20 February 2023,Standart,150000,Solo,-3002
809,Ibun Anggraini,17 September 2023,20 September 2023,Standart,150000,Depok,-5206
810,Maryadi Lailasari,06 March 2023,06 March 2023,AC,200000,Yogyakarta,-8658
811,Liman Nuraini,24 December 2023,25 December 2023,Standart,150000,Jember,-2743
812,Sabrina Pranowo,28 August 2023,03 September 2023,Standart,150000,Bandung,(092) 393-6755
813,Tirta Hutapea,03 December 2023,09 December 2023,AC,200000,Pasuruan,+62 (143) 423 6479
814,Taufik Setiawan,02 July 2023,06 July 2023,AC,200000,Banyuwangi,-2662
815,Ozy Setiawan,23 February 2024,25 February 2024,Standart,150000,Solo,(035) 182 1926
816,Galar Laksita,16 November 2023,19 November 2023,Standart,150000,Solo,+62 (833) 286 6923
817,Luhung Ardianto,11 January 2023,15 January 2023,AC,200000,Kediri,+62 (050) 656 4417
818,Yuni Wahyudin,18 October 2023,20 October 2023,Standart,150000,Bekasi,+62 (345) 751-8450
819,Kartika Winarno,31 March 2023,01 April 2023,AC,200000,Depok,+62 (36) 090 8541
820,Ajeng Utami,17 June 2023,23 June 2023,AC,200000,Magelang,-
821,Widya Simanjuntak,27 July 2023,31 July 2023,AC,200000,Blitar,873592742
822,Samiah Yuniar,23 February 2024,27 February 2024,AC,200000,Blitar,-4646
823,Hafshah Wijayanti,23 December 2023,28 December 2023,Standart,150000,Bekasi,+62 (0379) 953-3675
824,Luthfi Widodo,06 December 2023,12 December 2023,AC,200000,Jakarta,(070) 750-1287
825,Paris Permadi,20 July 2023,25 July 2023,AC,200000,Semarang,(061) 423 2607
826,Jamalia Lazuardi,10 December 2023,16 December 2023,AC,200000,Kediri,-801
827,Ibrani Mayasari,29 December 2023,02 January 2024,Standart,150000,Bandung,-4469
828,Lantar Jailani,29 August 2023,03 September 2023,AC,200000,Banyuwangi,(0236) 905-0275
829,Gandi Uwais,21 July 2023,24 July 2023,Standart,150000,Surabaya,(0034) 084 9076
830,Bakijan Natsir,24 October 2023,29 October 2023,Standart,150000,Yogyakarta,+62 (027) 790-4362
831,Gilda Laksita,17 August 2023,20 August 2023,Standart,150000,Bekasi,+62 (73) 742-9842
832,Kenes Hutapea,23 September 2023,27 September 2023,AC,200000,Solo,+62 (57) 455 0489
833,Bella Wibowo,18 March 2024,24 March 2024,AC,200000,Bekasi,087 371 7428
834,Gaman Widiastuti,07 May 2023,10 May 2023,AC,200000,Cirebon,085 740 3109
835,Ega Suwarno,24 May 2024,25 May 2024,AC,200000,Probolinggo,+62 (020) 935-3566
836,Tedi Budiman,07 November 2023,07 November 2023,AC,200000,Blitar,(0261) 008-9928
837,Zaenab Haryanto,12 April 2023,18 April 2023,AC,200000,Bogor,897276324
838,Karta Hartati,11 January 2023,13 January 2023,AC,200000,Solo,-
839,Dian Siregar,15 March 2024,17 March 2024,AC,200000,Tangerang,-
840,Pia Natsir,10 May 2024,16 May 2024,AC,200000,Jakarta,(0977) 980 7398
841,Gading Tarihoran,21 May 2023,24 May 2023,AC,200000,Solo,-1392
842,Gasti Suryatmi,07 August 2023,09 August 2023,AC,200000,Kediri,-10230
843,Harsaya Mustofa,18 March 2024,18 March 2024,Standart,150000,Jakarta,+62 (387) 452 3506
844,Fitriani Nainggolan,13 August 2023,17 August 2023,Standart,150000,Cirebon,-
845,Cakrabuana Zulkarnain,21 March 2023,25 March 2023,Standart,150000,Yogyakarta,+62 (973) 268 2253
846,Galar Widiastuti,24 August 2023,29 August 2023,Standart,150000,Jakarta,+62 (391) 500-5208
847,Artawan Nasyiah,19 June 2023,22 June 2023,AC,200000,Malang,-6107
848,Kayun Namaga,18 September 2023,20 September 2023,Standart,150000,Semarang,+62 (022) 614 4013
849,Umaya Nashiruddin,16 December 2023,20 December 2023,AC,200000,Depok,+62 (0246) 353-9921
850,Baktiono Agustina,07 October 2023,09 October 2023,AC,200000,Magelang,-
851,Wira Oktaviani,15 June 2024,21 June 2024,AC,200000,Jakarta,+62 (63) 808 5462
852,Rika Adriansyah,04 November 2023,09 November 2023,Standart,150000,Kediri,(012) 773-6490
853,Maryanto Irawan,17 May 2024,22 May 2024,Standart,150000,Semarang,-3689
854,Cinta Anggriawan,31 March 2024,04 April 2024,AC,200000,Depok,-3486
855,Lukita Dabukke,09 February 2024,12 February 2024,AC,200000,Pasuruan,+62 (057) 021-7344
856,Alambana Mandasari,29 May 2023,31 May 2023,Standart,150000,Yogyakarta,(002) 854 1840
857,Surya Irawan,29 March 2024,01 April 2024,Standart,150000,Banyuwangi,088 878 0952
858,Asirwada Dongoran,22 May 2023,22 May 2023,AC,200000,Madiun,+62 (991) 331-9012
859,Violet Winarno,04 September 2023,06 September 2023,Standart,150000,Bekasi,+62 (251) 225 0573
860,Dimaz Nainggolan,01 June 2023,05 June 2023,AC,200000,Madiun,(0489) 902-7939
861,Mulyono Purwanti,07 January 2023,12 January 2023,Standart,150000,Madiun,+62 (042) 871 6118
862,Bala Usamah,17 November 2023,22 November 2023,Standart,150000,Jember,+62 (729) 256 0277
863,Dirja Aryani,31 May 2023,05 June 2023,AC,200000,Bogor,-3274
864,Karsa Kuswoyo,14 November 2023,18 November 2023,Standart,150000,Yogyakarta,(0327) 469 8865
865,Balangga Dongoran,12 October 2023,13 October 2023,Standart,150000,Semarang,+62 (089) 029 2103
866,Ulva Rahayu,12 August 2023,18 August 2023,AC,200000,Yogyakarta,+62 (0233) 406-3467
867,Wulan Prakasa,17 November 2023,23 November 2023,AC,200000,Bandung,+62 (92) 337-0787
868,Kadir Sudiati,20 March 2023,25 March 2023,AC,200000,Probolinggo,+62 (0166) 393-2266
869,Tami Sudiati,19 June 2024,23 June 2024,AC,200000,Cirebon,-7578
870,Salsabila Setiawan,08 July 2023,12 July 2023,AC,200000,Banyuwangi,-2087
871,Gantar Andriani,29 May 2024,30 May 2024,Standart,150000,Magelang,-3312
872,Cahyanto Tampubolon,24 September 2023,24 September 2023,AC,200000,Madiun,+62 (187) 131-6942
873,Tomi Andriani,12 May 2023,17 May 2023,Standart,150000,Magelang,085 183 3488
874,Banawa Zulaika,07 May 2024,10 May 2024,Standart,150000,Jakarta,(0023) 915 6013
875,Nilam Wibowo,26 July 2023,28 July 2023,AC,200000,Depok,-256
876,Tami Sihombing,27 February 2024,27 February 2024,AC,200000,Banyuwangi,-
877,Dewi Hakim,16 February 2023,18 February 2023,AC,200000,Blitar,-8177
878,Harsana Mahendra,05 July 2023,10 July 2023,Standart,150000,Madiun,-3104
879,Mutia Pradana,14 January 2024,15 January 2024,Standart,150000,Magelang,837634156
880,Kayun Pratama,16 December 2023,22 December 2023,Standart,150000,Kediri,-
881,Cakrajiya Pudjiastuti,02 August 2023,06 August 2023,Standart,150000,Semarang,-8522
882,Caturangga Oktaviani,08 April 2024,09 April 2024,AC,200000,Blitar,-4273
883,Bakti Hutagalung,17 January 2023,17 January 2023,Standart,150000,Kediri,(071) 702 2762
884,Kardi Pradipta,25 February 2023,28 February 2023,AC,200000,Cirebon,+62 (094) 382-1869
885,Eluh Sinaga,08 January 2024,13 January 2024,AC,200000,Depok,-
886,Sarah Riyanti,03 October 2023,07 October 2023,AC,200000,Banyuwangi,+62 (020) 387 9839
887,Rachel Oktaviani,23 September 2023,26 September 2023,Standart,150000,Blitar,(0335) 492 3461
888,Ibun Aryani,19 February 2024,22 February 2024,Standart,150000,Pasuruan,+62 (469) 020 9391
889,Kawaya Prastuti,20 April 2023,20 April 2023,Standart,150000,Pasuruan,-
890,Ira Prakasa,26 January 2024,27 January 2024,AC,200000,Bogor,+62 (70) 435 1194
891,Karimah Laksita,10 January 2024,13 January 2024,AC,200000,Bogor,+62 (0501) 184 7820
892,Jail Tarihoran,20 May 2024,24 May 2024,AC,200000,Surabaya,-
893,Dina Januar,18 August 2023,22 August 2023,AC,200000,Banyuwangi,(056) 905-0067
894,Garan Sihotang,22 May 2024,26 May 2024,Standart,150000,Semarang,-
895,Elma Yuniar,24 April 2023,25 April 2023,AC,200000,Cirebon,-8203
896,Paiman Sihombing,14 March 2024,19 March 2024,AC,200000,Bogor,+62 (71) 334 2140
897,Gangsar Oktaviani,11 April 2024,16 April 2024,AC,200000,Pasuruan,+62 (0422) 527-9691
898,Kenari Hidayat,11 May 2023,17 May 2023,AC,200000,Pasuruan,-
899,Ozy Siregar,04 August 2023,08 August 2023,AC,200000,Depok,+62 (0707) 830-0030
900,Zulfa Kuswandari,06 May 2023,12 May 2023,Standart,150000,Kediri,885979128
901,Dalimin Narpati,07 March 2024,07 March 2024,Standart,150000,Jember,+62 (836) 412-3701
902,Gasti Hariyah,15 April 2024,16 April 2024,AC,200000,Kediri,+62 (629) 397 5310
903,Amalia Halim,21 October 2023,26 October 2023,Standart,150000,Malang,+62 (82) 176-8589
904,Bakiadi Marbun,21 April 2024,24 April 2024,Standart,150000,Bandung,-
905,Cagak Rahimah,30 December 2023,02 January 2024,AC,200000,Yogyakarta,-1035
906,Kariman Hutasoit,22 November 2023,25 November 2023,Standart,150000,Depok,(0159) 313 1025
907,Emas Suwarno,19 March 2024,22 March 2024,Standart,150000,Solo,-8803
908,Cawisono Irawan,14 March 2024,17 March 2024,Standart,150000,Surabaya,+62 (075) 196-5995
909,Jatmiko Wibisono,21 July 2023,22 July 2023,AC,200000,Semarang,807574620
910,Hana Simbolon,20 April 2023,20 April 2023,AC,200000,Yogyakarta,-8829
911,Uda Hidayat,01 March 2023,06 March 2023,AC,200000,Malang,-1663
912,Cemplunk Kuswandari,11 May 2023,12 May 2023,Standart,150000,Semarang,+62 (0692) 558 8451
913,Cahya Ramadan,08 January 2024,10 January 2024,Standart,150000,Jember,+62 (14) 193 2529
914,Radika Farida,13 September 2023,16 September 2023,Standart,150000,Blitar,-2708
915,Prasetya Riyanti,09 March 2023,09 March 2023,Standart,150000,Malang,+62 (0171) 795 2614
916,Tirta Gunawan,10 December 2023,13 December 2023,AC,200000,Surabaya,(066) 468-7920
917,Rini Simanjuntak,04 September 2023,07 September 2023,Standart,150000,Banyuwangi,-4897
918,Dodo Adriansyah,27 May 2024,28 May 2024,AC,200000,Madiun,-1805
919,Dariati Wibisono,05 April 2023,05 April 2023,AC,200000,Bekasi,-927
920,Vino Sihombing,17 February 2024,18 February 2024,Standart,150000,Malang,+62 (044) 307 3284
921,Sakti Sitompul,17 May 2024,22 May 2024,Standart,150000,Solo,+62 (934) 786-5319
922,Ibrahim Farida,02 November 2023,08 November 2023,AC,200000,Magelang,836643803
923,Dian Astuti,28 June 2024,02 July 2024,AC,200000,Blitar,+62 (48) 840-9494
924,Hartaka Dongoran,23 March 2024,23 March 2024,Standart,150000,Depok,+62 (64) 546 2839
925,Yani Tamba,11 September 2023,13 September 2023,Standart,150000,Malang,-2813
926,Asmadi Wijayanti,02 August 2023,02 August 2023,Standart,150000,Surabaya,-
927,Ella Wahyudin,05 June 2023,07 June 2023,AC,200000,Solo,+62 (35) 039-3506
928,Cahyono Anggraini,14 October 2023,17 October 2023,Standart,150000,Jakarta,-
929,Harja Prasasta,06 December 2023,07 December 2023,Standart,150000,Surabaya,+62 (58) 496-0212
930,Cemani Yolanda,24 July 2023,27 July 2023,AC,200000,Kediri,+62 (853) 949 4559
931,Lukita Yulianti,06 July 2023,09 July 2023,Standart,150000,Bandung,(028) 430 9291
932,Yessi Budiman,09 December 2023,12 December 2023,Standart,150000,Bekasi,-
933,Vero Wibowo,08 February 2023,10 February 2023,Standart,150000,Pasuruan,(0151) 319 3681
934,Himawan Namaga,10 May 2024,10 May 2024,Standart,150000,Yogyakarta,-7438
935,Hasan Kurniawan,11 September 2023,14 September 2023,AC,200000,Semarang,(0641) 090-3997
936,Intan Laksmiwati,28 July 2023,03 August 2023,Standart,150000,Madiun,(063) 587-7438
937,Wirda Marpaung,16 October 2023,19 October 2023,Standart,150000,Jakarta,+62 (048) 593 0565
938,Irfan Rahayu,01 January 2023,05 January 2023,Standart,150000,Jember,+62 (53) 753-2527
939,Marwata Kusmawati,10 August 2023,16 August 2023,AC,200000,Blitar,+62 (663) 614-2683
940,Mahesa Haryanti,09 August 2023,15 August 2023,AC,200000,Jember,+62 (012) 115 7996
941,Dina Prayoga,15 May 2023,16 May 2023,AC,200000,Blitar,+62 (442) 198 5853
942,Uda Pradana,28 November 2023,04 December 2023,AC,200000,Semarang,(0872) 503 9992
943,Satya Mulyani,01 January 2024,02 January 2024,AC,200000,Magelang,(030) 154-4630
944,Kamila Hutagalung,04 April 2024,04 April 2024,AC,200000,Kediri,+62 (026) 904 7523
945,Bella Winarsih,16 August 2023,22 August 2023,Standart,150000,Solo,-4104
946,Cawisono Prasetyo,09 May 2024,09 May 2024,AC,200000,Yogyakarta,084 762 8621
947,Limar Usada,25 February 2023,03 March 2023,Standart,150000,Banyuwangi,+62 (80) 208 1626
948,Gasti Saragih,18 July 2023,23 July 2023,AC,200000,Solo,+62 (124) 733-0018
949,Usyi Pudjiastuti,02 March 2023,02 March 2023,AC,200000,Bogor,+62 (031) 214-2265
950,Kasiran Prayoga,07 January 2024,08 January 2024,AC,200000,Pasuruan,080 366 6117
951,Mujur Prabowo,06 April 2023,11 April 2023,Standart,150000,Bogor,087 455 9388
952,Jatmiko Widiastuti,14 February 2024,18 February 2024,Standart,150000,Banyuwangi,+62 (958) 039 7393
953,Vera Sudiati,17 May 2023,23 May 2023,Standart,150000,Magelang,-7161
954,Putri Utama,15 April 2024,16 April 2024,AC,200000,Kediri,+62 (453) 042-3895
955,Luis Januar,17 March 2024,22 March 2024,Standart,150000,Kediri,(062) 841-7040
956,Emong Samosir,04 January 2023,04 January 2023,Standart,150000,Banyuwangi,+62 (135) 958 7700
957,Mustika Hariyah,27 December 2023,29 December 2023,AC,200000,Semarang,(020) 037-8808
958,Enteng Sihotang,15 August 2023,19 August 2023,Standart,150000,Jember,+62 (880) 031 0052
959,Emil Palastri,21 February 2023,27 February 2023,AC,200000,Semarang,+62 (34) 187 1456
960,Lukita Zulkarnain,03 March 2023,05 March 2023,AC,200000,Bandung,-4449
961,Elisa Wahyudin,31 May 2024,02 June 2024,Standart,150000,Bogor,(034) 350-6505
962,Jati Budiyanto,13 January 2023,17 January 2023,Standart,150000,Madiun,+62 (0721) 101-5435
963,Arsipatra Andriani,03 June 2023,05 June 2023,Standart,150000,Depok,+62 (62) 995-3547
964,Yani Santoso,11 April 2023,11 April 2023,Standart,150000,Magelang,-
965,Joko Winarno,14 May 2023,19 May 2023,Standart,150000,Solo,+62 (089) 193-2458
966,Maya Jailani,14 January 2023,15 January 2023,Standart,150000,Madiun,872852308
967,Utama Waluyo,02 March 2024,08 March 2024,AC,200000,Depok,-
968,Aswani Prasetya,28 September 2023,29 September 2023,AC,200000,Magelang,-6146
969,Prayoga Kurniawan,01 February 2023,06 February 2023,AC,200000,Tangerang,-
970,Viman Setiawan,13 June 2024,19 June 2024,Standart,150000,Depok,-3286
971,Omar Putra,18 June 2024,23 June 2024,Standart,150000,Banyuwangi,-9083
972,Cindy Saputra,25 June 2024,30 June 2024,Standart,150000,Bekasi,+62 (0477) 593-2176
973,Irwan Waskita,18 May 2024,23 May 2024,AC,200000,Solo,+62 (0090) 516 8294
974,Juli Sinaga,18 July 2023,23 July 2023,Standart,150000,Surabaya,-9182
975,Maya Purwanti,01 May 2023,04 May 2023,Standart,150000,Malang,-
976,Ghani Sirait,12 February 2023,18 February 2023,Standart,150000,Semarang,(017) 930-5150
977,Salimah Mustofa,13 October 2023,17 October 2023,AC,200000,Pasuruan,811405821
1,Kania Mustofa,01 May 2023,05 May 2023,Standart,150000,Probolinggo,+62 (0766) 620-8404
2,Koko Prasetya,04 June 2024,04 June 2024,AC,200000,Semarang,-
3,Gilda Wahyuni,20 August 2023,20 August 2023,AC,200000,Cirebon,+62 (98) 958 6058
4,Azalea Maryati,30 May 2024,03 June 2024,AC,200000,Yogyakarta,-
5,Mahmud Siregar,25 January 2024,28 January 2024,AC,200000,Madiun,+62 (098) 951-1326
6,Atmaja Kusumo,16 July 2023,16 July 2023,AC,200000,Tangerang,+62 (11) 980 5136
7,Emas Gunarto,13 April 2024,13 April 2024,Standart,150000,Pasuruan,+62 (38) 038 2125
8,Anom Maryadi,05 January 2024,07 January 2024,AC,200000,Probolinggo,+62 (680) 513 1422
9,Kamal Zulkarnain,15 February 2023,16 February 2023,AC,200000,Tangerang,+62 (078) 785 6054
10,Hasta Usamah,05 June 2024,09 June 2024,Standart,150000,Semarang,819816517
11,Rama Novitasari,02 October 2023,02 October 2023,AC,200000,Tangerang,-
12,Balijan Kurniawan,01 June 2023,06 June 2023,Standart,150000,Tangerang,-7179
13,Luhung Padmasari,26 December 2023,01 January 2024,AC,200000,Depok,(072) 310-3230
14,Yance Kusmawati,22 April 2024,28 April 2024,AC,200000,Banyuwangi,-6974
15,Shakila Anggraini,23 November 2023,24 November 2023,AC,200000,Pasuruan,+62 (22) 994-0750
16,Mila Ramadan,07 November 2023,07 November 2023,Standart,150000,Probolinggo,+62 (013) 543 6126
17,Farah Wijaya,31 July 2023,05 August 2023,Standart,150000,Madiun,+62 (00) 895-4786
18,Pardi Iswahyudi,05 February 2024,05 February 2024,Standart,150000,Banyuwangi,-
19,Fitriani Agustina,12 February 2024,12 February 2024,AC,200000,Jakarta,+62 (009) 434-8570
20,Wardi Kusmawati,28 June 2023,02 July 2023,Standart,150000,Probolinggo,-4240
21,Umi Riyanti,24 August 2023,27 August 2023,AC,200000,Surabaya,+62 (504) 479 1612
22,Estiono Lailasari,07 April 2024,12 April 2024,AC,200000,Pasuruan,-
23,Jaka Agustina,15 October 2023,17 October 2023,AC,200000,Bogor,-
24,Abyasa Mayasari,19 May 2024,25 May 2024,AC,200000,Bekasi,-
25,Hadi Siregar,29 March 2024,30 March 2024,AC,200000,Yogyakarta,-9083
26,Syahrini Damanik,02 January 2024,07 January 2024,Standart,150000,Banyuwangi,(0749) 800 4565
27,Hardi Widiastuti,01 June 2023,06 June 2023,AC,200000,Surabaya,+62 (050) 359 1879
28,Baktianto Sitorus,11 February 2023,12 February 2023,AC,200000,Banyuwangi,+62 (85) 896-7838
29,Jasmin Permadi,10 June 2024,11 June 2024,AC,200000,Yogyakarta,(099) 742 4661
30,Gandi Widiastuti,27 April 2023,03 May 2023,Standart,150000,Bandung,-5796
31,Unggul Hassanah,02 September 2023,06 September 2023,AC,200000,Cirebon,(089) 703 5382
32,Dian Rahimah,04 January 2023,09 January 2023,Standart,150000,Solo,+62 (343) 575-1861
33,Syahrini Zulkarnain,18 June 2024,18 June 2024,Standart,150000,Bandung,-
34,Hendri Hutagalung,19 March 2023,25 March 2023,Standart,150000,Tangerang,+62 (84) 828 3709
35,Caket Latupono,11 September 2023,13 September 2023,AC,200000,Banyuwangi,(040) 440 7349
36,Asmianto Rajata,27 March 2024,30 March 2024,Standart,150000,Bogor,+62 (16) 913-7700
37,Emas Pradipta,05 January 2023,10 January 2023,AC,200000,Magelang,-6624
38,Unjani Hidayanto,12 June 2023,13 June 2023,Standart,150000,Bekasi,874730936
39,Galiono Santoso,09 December 2023,15 December 2023,Standart,150000,Blitar,-3875
40,Jamal Sitompul,31 August 2023,05 September 2023,Standart,150000,Pasuruan,-8857
41,Laswi Puspasari,20 October 2023,23 October 2023,AC,200000,Depok,-
42,Jumari Padmasari,06 March 2024,07 March 2024,Standart,150000,Blitar,-3736
43,Jatmiko Hutagalung,17 February 2023,19 February 2023,Standart,150000,Surabaya,(054) 475 3408
44,Dwi Puspita,27 February 2023,27 February 2023,AC,200000,Jember,+62 (009) 398 3521
45,Bakijan Iswahyudi,09 October 2023,09 October 2023,AC,200000,Yogyakarta,(013) 219-8192
46,Raihan Nashiruddin,09 June 2023,13 June 2023,AC,200000,Depok,-
47,Karsana Saefullah,18 February 2023,20 February 2023,Standart,150000,Jakarta,(024) 316 2104
48,Paiman Manullang,07 April 2024,10 April 2024,AC,200000,Tangerang,+62 (009) 493 6258
49,Mutia Laksita,06 January 2024,07 January 2024,Standart,150000,Bandung,-2617
50,Maya Nuraini,17 February 2024,23 February 2024,Standart,150000,Depok,+62 (074) 898-0221
51,Wakiman Firgantoro,15 January 2023,20 January 2023,Standart,150000,Jember,(0769) 771 7118
52,Cindy Kurniawan,25 August 2023,31 August 2023,Standart,150000,Banyuwangi,(083) 480-6347
53,Puji Novitasari,09 December 2023,13 December 2023,AC,200000,Bekasi,-
54,Saadat Setiawan,22 June 2023,28 June 2023,Standart,150000,Banyuwangi,-6982
55,Estiono Prastuti,19 May 2024,19 May 2024,AC,200000,Jember,(0818) 627 5088
56,Lanang Wijaya,11 March 2024,11 March 2024,Standart,150000,Madiun,(0726) 102 7603
57,Malika Riyanti,17 August 2023,21 August 2023,AC,200000,Blitar,-1655
58,Anom Damanik,01 February 2023,01 February 2023,Standart,150000,Malang,+62 (027) 884 7160
59,Gasti Wibowo,28 February 2024,05 March 2024,Standart,150000,Probolinggo,+62 (01) 134-2183
60,Daniswara Siregar,20 February 2024,25 February 2024,AC,200000,Pasuruan,+62 (11) 093-0545
61,Jefri Habibi,05 June 2024,09 June 2024,Standart,150000,Blitar,-
62,Eka Prayoga,02 May 2024,06 May 2024,AC,200000,Cirebon,(089) 661-2990
63,Sakti Mustofa,01 November 2023,04 November 2023,Standart,150000,Kediri,+62 (0021) 558 2572
64,Lasmono Prasetyo,25 April 2024,29 April 2024,AC,200000,Jakarta,(007) 289 6080
65,Kartika Astuti,06 January 2024,10 January 2024,AC,200000,Jember,+62 (13) 742 3442
66,Enteng Usada,01 April 2023,03 April 2023,AC,200000,Surabaya,-8537
67,Endra Siregar,10 May 2023,10 May 2023,Standart,150000,Solo,-
68,Dagel Oktaviani,25 November 2023,30 November 2023,AC,200000,Cirebon,085 224 3897
69,Kairav Hakim,23 June 2024,29 June 2024,AC,200000,Jember,+62 (0914) 041 5015
70,Eja Oktaviani,24 March 2024,29 March 2024,Standart,150000,Cirebon,(017) 636 6645
71,Ganda Iswahyudi,14 February 2024,14 February 2024,AC,200000,Solo,(0510) 560-9410
72,Hamima Irawan,24 May 2024,30 May 2024,Standart,150000,Magelang,-9729
73,Yoga Uyainah,15 January 2023,17 January 2023,AC,200000,Bogor,-
74,Qori Laksita,03 February 2023,04 February 2023,AC,200000,Kediri,(0345) 865-8036
75,Karsana Uwais,01 February 2024,02 February 2024,Standart,150000,Semarang,+62 (407) 386-3819
76,Michelle Nasyiah,16 December 2023,16 December 2023,Standart,150000,Jember,+62 (89) 025 7974
77,Kuncara Prastuti,02 April 2023,03 April 2023,AC,200000,Bogor,(0551) 092 5764
78,Ivan Purwanti,25 December 2023,29 December 2023,Standart,150000,Yogyakarta,-5202
79,Harja Zulaika,26 August 2023,01 September 2023,AC,200000,Bandung,085 839 0963
80,Lanjar Nababan,20 July 2023,25 July 2023,AC,200000,Malang,(051) 980 3250
81,Mulyanto Anggraini,17 January 2024,20 January 2024,AC,200000,Tangerang,+62 (086) 094 2477
82,Vicky Suartini,07 August 2023,07 August 2023,Standart,150000,Jakarta,-9716
83,Teguh Gunarto,04 April 2023,06 April 2023,Standart,150000,Bekasi,-9713
84,Waluyo Nashiruddin,06 July 2023,10 July 2023,Standart,150000,Depok,-
85,Anastasia Anggriawan,22 August 2023,25 August 2023,AC,200000,Probolinggo,+62 (059) 056 6334
86,Putu Pertiwi,14 February 2023,17 February 2023,Standart,150000,Probolinggo,-5690
87,Irwan Prasetya,28 February 2024,29 February 2024,Standart,150000,Bogor,(0815) 494 1673
88,Danuja Laksmiwati,31 January 2024,04 February 2024,AC,200000,Malang,-
89,Rahmi Prastuti,09 September 2023,13 September 2023,AC,200000,Surabaya,-
90,Garda Saragih,08 April 2024,09 April 2024,AC,200000,Madiun,+62 (85) 170 3308
91,Clara Maryadi,19 February 2023,21 February 2023,Standart,150000,Madiun,-670
92,Asirwada Wibowo,31 January 2024,01 February 2024,AC,200000,Surabaya,-5261
93,Mahdi Manullang,19 February 2024,21 February 2024,AC,200000,Surabaya,-4440
94,Darmanto Tarihoran,29 September 2023,05 October 2023,AC,200000,Magelang,+62 (0399) 467 4855
95,Pranata Utama,20 August 2023,20 August 2023,AC,200000,Bandung,-
96,Aris Widodo,12 April 2024,16 April 2024,AC,200000,Depok,+62 (39) 735-7877
97,Janet Putra,22 February 2024,22 February 2024,Standart,150000,Blitar,(085) 612 6527
98,Jelita Wulandari,06 February 2024,09 February 2024,Standart,150000,Solo,+62 (396) 681 4751
99,Mahdi Halim,13 June 2023,15 June 2023,Standart,150000,Probolinggo,+62 (0614) 839-8916
